<?xml version="1.0" encoding="UTF-8"?><CodeSystem xmlns="http://hl7.org/fhir"><id value="tx-curr"/><meta><lastUpdated value="2024-07-16T12:55:55.565774Z"/></meta><language value="en"/><text><status value="generated"/><div xmlns="http://www.w3.org/1999/xhtml" xml:lang="en" lang="en"><p class="res-header-id"><b>Generated Narrative: CodeSystem tx-curr</b></p><a name="tx-curr"> </a><a name="hctx-curr"> </a><a name="tx-curr-en-US"> </a><div style="display: inline-block; background-color: #d9e0e7; padding: 6px; margin: 4px; border: 1px solid #8da1b4; border-radius: 5px; line-height: 60%"><p style="margin-bottom: 0px">Last updated: 2024-07-16 12:55:55+0000; Language: en</p></div><p><b>Properties</b></p><p><b>This code system defines the following properties for its concepts</b></p><table class="grid"><tr><td><b>Name</b></td><td><b>Code</b></td><td><b>URI</b></td><td><b>Type</b></td><td><b>Description</b></td></tr><tr><td>conceptclass</td><td>conceptclass</td><td>https://api.staging.openconceptlab.org/orgs/OCL/sources/Classes/concepts</td><td>string</td><td>Standard list of concept classes.</td></tr><tr><td>datatype</td><td>datatype</td><td>https://api.staging.openconceptlab.org/orgs/OCL/sources/Datatypes/concepts</td><td>string</td><td>Standard list of concept datatypes.</td></tr><tr><td>inactive</td><td>inactive</td><td>http://hl7.org/fhir/concept-properties</td><td>Coding</td><td>True if the concept is not considered active.</td></tr></table><p><b>Concepts</b></p><p>This  code system <code>https://app.staging.openconceptlab.org/#/orgs/Kenya_SMART_Guidelines/sources/tx_curr</code> defines the following codes:</p><table class="codes"><tr><td style="white-space:nowrap"><b>Code</b></td><td><b>Display</b></td><td><b>Definition</b></td><td><b>inactive</b></td></tr><tr style="background-color: #ffeeee"><td style="white-space:nowrap">discontinuation_date<a name="tx-curr-discontinuation_date"> </a></td><td>Discontinuation date</td><td/><td>true</td></tr><tr style="background-color: #ffeeee"><td style="white-space:nowrap">9860125<a name="tx-curr-9860125"> </a></td><td>New client</td><td/><td>true</td></tr><tr style="background-color: #ffeeee"><td style="white-space:nowrap">9860119<a name="tx-curr-9860119"> </a></td><td>Transfer in date</td><td/><td>true</td></tr><tr style="background-color: #ffeeee"><td style="white-space:nowrap">9860123<a name="tx-curr-9860123"> </a></td><td>Yes</td><td>Generic answer to a question.</td><td>true</td></tr><tr style="background-color: #ffeeee"><td style="white-space:nowrap">9860121<a name="tx-curr-9860121"> </a></td><td>No</td><td>Generic answer to a question.</td><td>true</td></tr><tr><td style="white-space:nowrap">patient_age_group<a name="tx-curr-patient_age_group"> </a></td><td>Patient Age group</td><td/><td/></tr><tr><td style="white-space:nowrap">new_enrollment<a name="tx-curr-new_enrollment"> </a></td><td>New Enrollment</td><td>Indication of whether the patient is newly initiating ART during the reporting period.</td><td/></tr><tr><td style="white-space:nowrap">current_on_art<a name="tx-curr-current_on_art"> </a></td><td>Current on ART (TX_CURR)</td><td>Identifies patients currently receiving ongoing ART treatment.</td><td/></tr><tr><td style="white-space:nowrap">date_of_art_initiation<a name="tx-curr-date_of_art_initiation"> </a></td><td>Date of ART Initiation</td><td>Date the patient started ART</td><td/></tr><tr><td style="white-space:nowrap">previous_art_experience<a name="tx-curr-previous_art_experience"> </a></td><td>Previous ART experience</td><td>Capture if the patient has ever been on ART before.</td><td/></tr><tr><td style="white-space:nowrap">reason-for-treatment-interruption<a name="tx-curr-reason-for-treatment-interruption"> </a></td><td>Reason for treatment interruption</td><td>Could be collected for patients restarting treatment.</td><td/></tr><tr><td style="white-space:nowrap">HIV.C.DE2<a name="tx-curr-HIV.46C.46DE2"> </a></td><td>TX_CURR at Beginning of Period</td><td/><td/></tr><tr><td style="white-space:nowrap">HIV.C.DE3<a name="tx-curr-HIV.46C.46DE3"> </a></td><td>Date of Last Expected Contact</td><td/><td/></tr><tr><td style="white-space:nowrap">HIV.C.DE4<a name="tx-curr-HIV.46C.46DE4"> </a></td><td>Date Last Seen</td><td/><td/></tr><tr><td style="white-space:nowrap">HIV.C.DE6<a name="tx-curr-HIV.46C.46DE6"> </a></td><td>Duration of Treatment Interruption</td><td/><td/></tr><tr><td style="white-space:nowrap">HIV.C.DE7<a name="tx-curr-HIV.46C.46DE7"> </a></td><td>Date LTF Identified</td><td/><td/></tr><tr><td style="white-space:nowrap">HIV.D.DE3<a name="tx-curr-HIV.46D.46DE3"> </a></td><td>HIV testing services visit</td><td/><td/></tr><tr><td style="white-space:nowrap">HIV.D.DE4<a name="tx-curr-HIV.46D.46DE4"> </a></td><td>HTS Setting</td><td/><td/></tr><tr><td style="white-space:nowrap">HIV.D.DE5<a name="tx-curr-HIV.46D.46DE5"> </a></td><td>Entry point for community-level testing</td><td/><td/></tr><tr><td style="white-space:nowrap">community-based<a name="tx-curr-community-based"> </a></td><td>Community Based</td><td/><td/></tr><tr><td style="white-space:nowrap">other-community-based-testing<a name="tx-curr-other-community-based-testing"> </a></td><td>Other community-based testing</td><td/><td/></tr><tr><td style="white-space:nowrap">HIV.D.DE6<a name="tx-curr-HIV.46D.46DE6"> </a></td><td>Entry point for facility-level testing</td><td/><td/></tr><tr><td style="white-space:nowrap">Index<a name="tx-curr-Index"> </a></td><td>Index</td><td/><td/></tr><tr><td style="white-space:nowrap">emergency<a name="tx-curr-emergency"> </a></td><td>Emergency</td><td/><td/></tr><tr><td style="white-space:nowrap">inpatient<a name="tx-curr-inpatient"> </a></td><td>Inpatient</td><td/><td/></tr><tr><td style="white-space:nowrap">malnutrition<a name="tx-curr-malnutrition"> </a></td><td>Malnutrition</td><td/><td/></tr><tr><td style="white-space:nowrap">pediatric-less-than-five-clinic<a name="tx-curr-pediatric-less-than-five-clinic"> </a></td><td>Pediatric &lt;5 Clinic</td><td/><td/></tr><tr><td style="white-space:nowrap">pmtct-anc1-only<a name="tx-curr-pmtct-anc1-only"> </a></td><td>PMTCT [ANC1-Only]</td><td/><td/></tr><tr><td style="white-space:nowrap">post-anc1-pregnancy<a name="tx-curr-post-anc1-pregnancy"> </a></td><td>PMTCT [Post ANC1: Pregnancy/L&amp;D]</td><td/><td/></tr><tr><td style="white-space:nowrap">pmtct-anc1-breastfeeding<a name="tx-curr-pmtct-anc1-breastfeeding"> </a></td><td>PMTCT [Post ANC1: Breastfeeding]</td><td/><td/></tr><tr><td style="white-space:nowrap">sns<a name="tx-curr-sns"> </a></td><td>SNS</td><td/><td/></tr><tr><td style="white-space:nowrap">sti<a name="tx-curr-sti"> </a></td><td>STI</td><td/><td/></tr><tr><td style="white-space:nowrap">tb<a name="tx-curr-tb"> </a></td><td>TB</td><td/><td/></tr><tr><td style="white-space:nowrap">vct<a name="tx-curr-vct"> </a></td><td>VCT</td><td/><td/></tr><tr><td style="white-space:nowrap">vmmc<a name="tx-curr-vmmc"> </a></td><td>VMMC</td><td/><td/></tr><tr><td style="white-space:nowrap">other-pitc<a name="tx-curr-other-pitc"> </a></td><td>Other PITC</td><td/><td/></tr><tr><td style="white-space:nowrap">9921305<a name="tx-curr-9921305"> </a></td><td>index</td><td>Refers to a document providing an index for the current document.</td><td/></tr></table><p><b>Additional Language Displays</b></p><table class="codes"><tr><td><b>Code</b></td><td><b>Bengali (bn)</b></td><td><b>Spanish (es)</b></td><td><b>French (fr)</b></td><td><b>ht</b></td><td><b>Italian (it)</b></td><td><b>km</b></td><td><b>ne</b></td><td><b>Portuguese (pt)</b></td><td><b>Русский (Russian, ru)</b></td><td><b>rw</b></td><td><b>ti</b></td><td><b>ur</b></td></tr><tr><td>discontinuation_date</td><td></td><td></td><td></td><td></td><td></td><td></td><td></td><td></td><td></td><td></td><td></td><td></td></tr><tr><td>9860125</td><td></td><td></td><td></td><td></td><td></td><td></td><td></td><td></td><td></td><td></td><td></td><td></td></tr><tr><td>9860119</td><td></td><td></td><td></td><td></td><td></td><td></td><td></td><td></td><td></td><td></td><td></td><td></td></tr><tr><td>9860123</td><td>হ্যাঁ</td><td>Verdadero</td><td>Vrai</td><td>Vre</td><td>Vero</td><td>ចាស</td><td>हुन्छ</td><td>Verdadeiro</td><td>Да</td><td>Yego</td><td>እወ</td><td>ہاں</td></tr><tr><td>9860121</td><td>না</td><td>Falso</td><td>Faux</td><td>Fo</td><td>Falso</td><td>ទេ</td><td>हुँदैन</td><td>Falso</td><td>Нет</td><td>Muzima</td><td>ኣይትጥቀምን</td><td>نہیں</td></tr><tr><td>patient_age_group</td><td></td><td></td><td></td><td></td><td></td><td></td><td></td><td></td><td></td><td></td><td></td><td></td></tr><tr><td>new_enrollment</td><td></td><td></td><td></td><td></td><td></td><td></td><td></td><td></td><td></td><td></td><td></td><td></td></tr><tr><td>current_on_art</td><td></td><td></td><td></td><td></td><td></td><td></td><td></td><td></td><td></td><td></td><td></td><td></td></tr><tr><td>date_of_art_initiation</td><td></td><td></td><td></td><td></td><td></td><td></td><td></td><td></td><td></td><td></td><td></td><td></td></tr><tr><td>previous_art_experience</td><td></td><td></td><td></td><td></td><td></td><td></td><td></td><td></td><td></td><td></td><td></td><td></td></tr><tr><td>reason-for-treatment-interruption</td><td></td><td></td><td></td><td></td><td></td><td></td><td></td><td></td><td></td><td></td><td></td><td></td></tr><tr><td>HIV.C.DE2</td><td></td><td></td><td></td><td></td><td></td><td></td><td></td><td></td><td></td><td></td><td></td><td></td></tr><tr><td>HIV.C.DE3</td><td></td><td></td><td></td><td></td><td></td><td></td><td></td><td></td><td></td><td></td><td></td><td></td></tr><tr><td>HIV.C.DE4</td><td></td><td></td><td></td><td></td><td></td><td></td><td></td><td></td><td></td><td></td><td></td><td></td></tr><tr><td>HIV.C.DE6</td><td></td><td></td><td></td><td></td><td></td><td></td><td></td><td></td><td></td><td></td><td></td><td></td></tr><tr><td>HIV.C.DE7</td><td></td><td></td><td></td><td></td><td></td><td></td><td></td><td></td><td></td><td></td><td></td><td></td></tr><tr><td>HIV.D.DE3</td><td></td><td></td><td></td><td></td><td></td><td></td><td></td><td></td><td></td><td></td><td></td><td></td></tr><tr><td>HIV.D.DE4</td><td></td><td></td><td></td><td></td><td></td><td></td><td></td><td></td><td></td><td></td><td></td><td></td></tr><tr><td>HIV.D.DE5</td><td></td><td></td><td></td><td></td><td></td><td></td><td></td><td></td><td></td><td></td><td></td><td></td></tr><tr><td>community-based</td><td></td><td></td><td></td><td></td><td></td><td></td><td></td><td></td><td></td><td></td><td></td><td></td></tr><tr><td>other-community-based-testing</td><td></td><td></td><td></td><td></td><td></td><td></td><td></td><td></td><td></td><td></td><td></td><td></td></tr><tr><td>HIV.D.DE6</td><td></td><td></td><td></td><td></td><td></td><td></td><td></td><td></td><td></td><td></td><td></td><td></td></tr><tr><td>Index</td><td></td><td></td><td></td><td></td><td></td><td></td><td></td><td></td><td></td><td></td><td></td><td></td></tr><tr><td>emergency</td><td></td><td></td><td></td><td></td><td></td><td></td><td></td><td></td><td></td><td></td><td></td><td></td></tr><tr><td>inpatient</td><td></td><td></td><td></td><td></td><td></td><td></td><td></td><td></td><td></td><td></td><td></td><td></td></tr><tr><td>malnutrition</td><td></td><td></td><td></td><td></td><td></td><td></td><td></td><td></td><td></td><td></td><td></td><td></td></tr><tr><td>pediatric-less-than-five-clinic</td><td></td><td></td><td></td><td></td><td></td><td></td><td></td><td></td><td></td><td></td><td></td><td></td></tr><tr><td>pmtct-anc1-only</td><td></td><td></td><td></td><td></td><td></td><td></td><td></td><td></td><td></td><td></td><td></td><td></td></tr><tr><td>post-anc1-pregnancy</td><td></td><td></td><td></td><td></td><td></td><td></td><td></td><td></td><td></td><td></td><td></td><td></td></tr><tr><td>pmtct-anc1-breastfeeding</td><td></td><td></td><td></td><td></td><td></td><td></td><td></td><td></td><td></td><td></td><td></td><td></td></tr><tr><td>sns</td><td></td><td></td><td></td><td></td><td></td><td></td><td></td><td></td><td></td><td></td><td></td><td></td></tr><tr><td>sti</td><td></td><td></td><td></td><td></td><td></td><td></td><td></td><td></td><td></td><td></td><td></td><td></td></tr><tr><td>tb</td><td></td><td></td><td></td><td></td><td></td><td></td><td></td><td></td><td></td><td></td><td></td><td></td></tr><tr><td>vct</td><td></td><td></td><td></td><td></td><td></td><td></td><td></td><td></td><td></td><td></td><td></td><td></td></tr><tr><td>vmmc</td><td></td><td></td><td></td><td></td><td></td><td></td><td></td><td></td><td></td><td></td><td></td><td></td></tr><tr><td>other-pitc</td><td></td><td></td><td></td><td></td><td></td><td></td><td></td><td></td><td></td><td></td><td></td><td></td></tr><tr><td>9921305</td><td></td><td></td><td></td><td></td><td></td><td></td><td></td><td></td><td></td><td></td><td></td><td></td></tr></table></div></text><url value="https://app.staging.openconceptlab.org/#/orgs/Kenya_SMART_Guidelines/sources/tx_curr"/><identifier><type><coding><system value="http://hl7.org/fhir/v2/0203"/><code value="ACSN"/><display value="Accession ID"/></coding><text value="Accession ID"/></type><system value="https://api.staging.openconceptlab.org"/><value value="/orgs/Kenya_SMART_Guidelines/CodeSystem/tx_curr/"/></identifier><version value="0.1.0"/><name value="HIV-Indicators"/><title value="HIV Indicators"/><status value="active"/><date value="2025-01-15T14:05:09+00:00"/><publisher value="intellisoftkenya"/><contact><name value="intellisoftkenya"/><telecom><system value="url"/><value value="https://www.intellisoftkenya.com/"/></telecom></contact><description value="0.1.1"/><content value="complete"/><count value="37"/><property><code value="conceptclass"/><uri value="https://api.staging.openconceptlab.org/orgs/OCL/sources/Classes/concepts"/><description value="Standard list of concept classes."/><type value="string"/></property><property><code value="datatype"/><uri value="https://api.staging.openconceptlab.org/orgs/OCL/sources/Datatypes/concepts"/><description value="Standard list of concept datatypes."/><type value="string"/></property><property><code value="inactive"/><uri value="http://hl7.org/fhir/concept-properties"/><description value="True if the concept is not considered active."/><type value="Coding"/></property><concept><code value="discontinuation_date"/><display value="Discontinuation date"/><designation><language value="en"/><use><code value="Fully-Specified"/></use><value value="Discontinuation date"/></designation><property><code value="conceptclass"/><valueString value="Misc"/></property><property><code value="datatype"/><valueString value="Date"/></property><property><code value="inactive"/><valueBoolean value="true"/></property></concept><concept><code value="9860125"/><display value="New client"/><designation><language value="en"/><use><code value="FULLY_SPECIFIED"/></use><value value="New client"/></designation><designation><language value="en"/><value value="New patient"/></designation><property><code value="conceptclass"/><valueString value="Question"/></property><property><code value="datatype"/><valueString value="Coded"/></property><property><code value="inactive"/><valueBoolean value="true"/></property></concept><concept><code value="9860119"/><display value="Transfer in date"/><designation><language value="en"/><use><code value="FULLY_SPECIFIED"/></use><value value="Transfer in date"/></designation><property><code value="conceptclass"/><valueString value="Question"/></property><property><code value="datatype"/><valueString value="Date"/></property><property><code value="inactive"/><valueBoolean value="true"/></property></concept><concept><code value="9860123"/><display value="Yes"/><definition value="Generic answer to a question."/><designation><language value="en"/><use><code value="FULLY_SPECIFIED"/></use><value value="Yes"/></designation><designation><language value="fr"/><use><code value="FULLY_SPECIFIED"/></use><value value="Oui"/></designation><designation><language value="rw"/><use><code value="FULLY_SPECIFIED"/></use><value value="Yego"/></designation><designation><language value="ti"/><use><code value="FULLY_SPECIFIED"/></use><value value="እወ"/></designation><designation><language value="es"/><use><code value="FULLY_SPECIFIED"/></use><value value="Sí"/></designation><designation><language value="ru"/><use><code value="FULLY_SPECIFIED"/></use><value value="Да"/></designation><designation><language value="en"/><value value="True"/></designation><designation><language value="fr"/><value value="Vrai"/></designation><designation><language value="es"/><value value="Verdadero"/></designation><designation><language value="it"/><use><code value="FULLY_SPECIFIED"/></use><value value="Sì"/></designation><designation><language value="it"/><value value="Vero"/></designation><designation><language value="pt"/><use><code value="FULLY_SPECIFIED"/></use><value value="Sim"/></designation><designation><language value="pt"/><value value="Verdadeiro"/></designation><designation><language value="bn"/><use><code value="FULLY_SPECIFIED"/></use><value value="হ্যাঁ"/></designation><designation><language value="ht"/><use><code value="FULLY_SPECIFIED"/></use><value value="Wi"/></designation><designation><language value="ht"/><value value="Vre"/></designation><designation><language value="ur"/><use><code value="FULLY_SPECIFIED"/></use><value value="ہاں"/></designation><designation><language value="km"/><use><code value="FULLY_SPECIFIED"/></use><value value="បាទ"/></designation><designation><language value="km"/><value value="ចាស"/></designation><designation><language value="ne"/><use><code value="FULLY_SPECIFIED"/></use><value value="हुन्छ"/></designation><property><code value="conceptclass"/><valueString value="Misc"/></property><property><code value="datatype"/><valueString value="N/A"/></property><property><code value="inactive"/><valueBoolean value="true"/></property></concept><concept><code value="9860121"/><display value="No"/><definition value="Generic answer to a question."/><designation><language value="en"/><use><code value="FULLY_SPECIFIED"/></use><value value="No"/></designation><designation><language value="fr"/><use><code value="FULLY_SPECIFIED"/></use><value value="Non"/></designation><designation><language value="rw"/><use><code value="FULLY_SPECIFIED"/></use><value value="Muzima"/></designation><designation><language value="ti"/><use><code value="FULLY_SPECIFIED"/></use><value value="ኣይትጥቀምን"/></designation><designation><language value="es"/><use><code value="FULLY_SPECIFIED"/></use><value value="No"/></designation><designation><language value="ru"/><use><code value="FULLY_SPECIFIED"/></use><value value="Нет"/></designation><designation><language value="en"/><value value="False"/></designation><designation><language value="fr"/><value value="Faux"/></designation><designation><language value="es"/><value value="Falso"/></designation><designation><language value="it"/><use><code value="FULLY_SPECIFIED"/></use><value value="No"/></designation><designation><language value="it"/><value value="Falso"/></designation><designation><language value="pt"/><use><code value="FULLY_SPECIFIED"/></use><value value="Não"/></designation><designation><language value="pt"/><value value="Falso"/></designation><designation><language value="bn"/><use><code value="FULLY_SPECIFIED"/></use><value value="না"/></designation><designation><language value="ht"/><use><code value="FULLY_SPECIFIED"/></use><value value="Non"/></designation><designation><language value="ht"/><value value="Fo"/></designation><designation><language value="ur"/><use><code value="FULLY_SPECIFIED"/></use><value value="نہیں"/></designation><designation><language value="km"/><use><code value="FULLY_SPECIFIED"/></use><value value="ទេ"/></designation><designation><language value="ne"/><use><code value="FULLY_SPECIFIED"/></use><value value="हुँदैन"/></designation><property><code value="conceptclass"/><valueString value="Misc"/></property><property><code value="datatype"/><valueString value="N/A"/></property><property><code value="inactive"/><valueBoolean value="true"/></property></concept><concept><code value="patient_age_group"/><display value="Patient Age group"/><designation><language value="en"/><use><code value="Fully-Specified"/></use><value value="Patient Age group"/></designation><property><code value="conceptclass"/><valueString value="Misc"/></property><property><code value="datatype"/><valueString value="Coded"/></property></concept><concept><code value="new_enrollment"/><display value="New Enrollment"/><definition value="Indication of whether the patient is newly initiating ART during the reporting period."/><designation><language value="en"/><use><code value="Fully-Specified"/></use><value value="New Enrollment"/></designation><property><code value="conceptclass"/><valueString value="Misc"/></property><property><code value="datatype"/><valueString value="Boolean"/></property></concept><concept><code value="current_on_art"/><display value="Current on ART (TX_CURR)"/><definition value="Identifies patients currently receiving ongoing ART treatment."/><designation><language value="en"/><use><code value="Fully-Specified"/></use><value value="Current on ART (TX_CURR)"/></designation><property><code value="conceptclass"/><valueString value="Misc"/></property><property><code value="datatype"/><valueString value="Boolean"/></property></concept><concept><code value="date_of_art_initiation"/><display value="Date of ART Initiation"/><definition value="Date the patient started ART"/><designation><language value="en"/><use><code value="Fully-Specified"/></use><value value="Date of ART Initiation"/></designation><property><code value="conceptclass"/><valueString value="Misc"/></property><property><code value="datatype"/><valueString value="Date"/></property></concept><concept><code value="previous_art_experience"/><display value="Previous ART experience"/><definition value="Capture if the patient has ever been on ART before."/><designation><language value="en"/><use><code value="Fully-Specified"/></use><value value="Previous ART experience"/></designation><property><code value="conceptclass"/><valueString value="Misc"/></property><property><code value="datatype"/><valueString value="Text"/></property></concept><concept><code value="reason-for-treatment-interruption"/><display value="Reason for treatment interruption"/><definition value="Could be collected for patients restarting treatment."/><designation><language value="en"/><use><code value="Fully-Specified"/></use><value value="Reason for treatment interruption"/></designation><property><code value="conceptclass"/><valueString value="Misc"/></property><property><code value="datatype"/><valueString value="Coded"/></property></concept><concept><code value="HIV.C.DE2"/><display value="TX_CURR at Beginning of Period"/><designation><language value="en"/><use><code value="Fully-Specified"/></use><value value="TX_CURR at Beginning of Period"/></designation><property><code value="conceptclass"/><valueString value="Misc"/></property><property><code value="datatype"/><valueString value="Numeric"/></property></concept><concept><code value="HIV.C.DE3"/><display value="Date of Last Expected Contact"/><designation><language value="en"/><use><code value="Fully-Specified"/></use><value value="Date of Last Expected Contact"/></designation><property><code value="conceptclass"/><valueString value="Misc"/></property><property><code value="datatype"/><valueString value="Date"/></property></concept><concept><code value="HIV.C.DE4"/><display value="Date Last Seen"/><designation><language value="en"/><use><code value="Fully-Specified"/></use><value value="Date Last Seen"/></designation><property><code value="conceptclass"/><valueString value="Misc"/></property><property><code value="datatype"/><valueString value="Date"/></property></concept><concept><code value="HIV.C.DE6"/><display value="Duration of Treatment Interruption"/><designation><language value="en"/><use><code value="Fully-Specified"/></use><value value="Duration of Treatment Interruption"/></designation><property><code value="conceptclass"/><valueString value="Misc"/></property><property><code value="datatype"/><valueString value="Date"/></property></concept><concept><code value="HIV.C.DE7"/><display value="Date LTF Identified"/><designation><language value="en"/><use><code value="Fully-Specified"/></use><value value="Date LTF Identified"/></designation><property><code value="conceptclass"/><valueString value="Misc"/></property><property><code value="datatype"/><valueString value="Date"/></property></concept><concept><code value="HIV.D.DE3"/><display value="HIV testing services visit"/><designation><language value="en"/><use><code value="Fully-Specified"/></use><value value="HIV testing services visit"/></designation><property><code value="conceptclass"/><valueString value="Misc"/></property><property><code value="datatype"/><valueString value="None"/></property></concept><concept><code value="HIV.D.DE4"/><display value="HTS Setting"/><designation><language value="en"/><use><code value="Fully-Specified"/></use><value value="HTS Setting"/></designation><property><code value="conceptclass"/><valueString value="Misc"/></property><property><code value="datatype"/><valueString value="Text"/></property></concept><concept><code value="HIV.D.DE5"/><display value="Entry point for community-level testing"/><designation><language value="en"/><use><code value="Fully-Specified"/></use><value value="Entry point for community-level testing"/></designation><property><code value="conceptclass"/><valueString value="Misc"/></property><property><code value="datatype"/><valueString value="Coded"/></property></concept><concept><code value="community-based"/><display value="Community Based"/><designation><language value="en"/><use><code value="Fully-Specified"/></use><value value="Community Based"/></designation><property><code value="conceptclass"/><valueString value="Misc"/></property><property><code value="datatype"/><valueString value="None"/></property></concept><concept><code value="other-community-based-testing"/><display value="Other community-based testing"/><designation><language value="en"/><use><code value="Fully-Specified"/></use><value value="Other community-based testing"/></designation><property><code value="conceptclass"/><valueString value="Misc"/></property><property><code value="datatype"/><valueString value="None"/></property></concept><concept><code value="HIV.D.DE6"/><display value="Entry point for facility-level testing"/><designation><language value="en"/><use><code value="Fully-Specified"/></use><value value="Entry point for facility-level testing"/></designation><property><code value="conceptclass"/><valueString value="Misc"/></property><property><code value="datatype"/><valueString value="Coded"/></property></concept><concept><code value="Index"/><display value="Index"/><designation><language value="en"/><use><code value="Fully-Specified"/></use><value value="Index"/></designation><property><code value="conceptclass"/><valueString value="Misc"/></property><property><code value="datatype"/><valueString value="None"/></property></concept><concept><code value="emergency"/><display value="Emergency"/><designation><language value="en"/><use><code value="Fully-Specified"/></use><value value="Emergency"/></designation><property><code value="conceptclass"/><valueString value="Misc"/></property><property><code value="datatype"/><valueString value="None"/></property></concept><concept><code value="inpatient"/><display value="Inpatient"/><designation><language value="en"/><use><code value="Fully-Specified"/></use><value value="Inpatient"/></designation><property><code value="conceptclass"/><valueString value="Misc"/></property><property><code value="datatype"/><valueString value="None"/></property></concept><concept><code value="malnutrition"/><display value="Malnutrition"/><designation><language value="en"/><use><code value="Fully-Specified"/></use><value value="Malnutrition"/></designation><property><code value="conceptclass"/><valueString value="Misc"/></property><property><code value="datatype"/><valueString value="None"/></property></concept><concept><code value="pediatric-less-than-five-clinic"/><display value="Pediatric &lt;5 Clinic"/><designation><language value="en"/><use><code value="Fully-Specified"/></use><value value="Pediatric &lt;5 Clinic"/></designation><property><code value="conceptclass"/><valueString value="Misc"/></property><property><code value="datatype"/><valueString value="None"/></property></concept><concept><code value="pmtct-anc1-only"/><display value="PMTCT [ANC1-Only]"/><designation><language value="en"/><use><code value="Fully-Specified"/></use><value value="PMTCT [ANC1-Only]"/></designation><property><code value="conceptclass"/><valueString value="Misc"/></property><property><code value="datatype"/><valueString value="None"/></property></concept><concept><code value="post-anc1-pregnancy"/><display value="PMTCT [Post ANC1: Pregnancy/L&amp;D]"/><designation><language value="en"/><use><code value="Fully-Specified"/></use><value value="PMTCT [Post ANC1: Pregnancy/L&amp;D]"/></designation><property><code value="conceptclass"/><valueString value="Misc"/></property><property><code value="datatype"/><valueString value="None"/></property></concept><concept><code value="pmtct-anc1-breastfeeding"/><display value="PMTCT [Post ANC1: Breastfeeding]"/><designation><language value="en"/><use><code value="Fully-Specified"/></use><value value="PMTCT [Post ANC1: Breastfeeding]"/></designation><property><code value="conceptclass"/><valueString value="Misc"/></property><property><code value="datatype"/><valueString value="None"/></property></concept><concept><code value="sns"/><display value="SNS"/><designation><language value="en"/><use><code value="Fully-Specified"/></use><value value="SNS"/></designation><property><code value="conceptclass"/><valueString value="Misc"/></property><property><code value="datatype"/><valueString value="None"/></property></concept><concept><code value="sti"/><display value="STI"/><designation><language value="en"/><use><code value="Fully-Specified"/></use><value value="STI"/></designation><property><code value="conceptclass"/><valueString value="Misc"/></property><property><code value="datatype"/><valueString value="None"/></property></concept><concept><code value="tb"/><display value="TB"/><designation><language value="en"/><use><code value="Fully-Specified"/></use><value value="TB"/></designation><property><code value="conceptclass"/><valueString value="Misc"/></property><property><code value="datatype"/><valueString value="None"/></property></concept><concept><code value="vct"/><display value="VCT"/><designation><language value="en"/><use><code value="Fully-Specified"/></use><value value="VCT"/></designation><property><code value="conceptclass"/><valueString value="Misc"/></property><property><code value="datatype"/><valueString value="None"/></property></concept><concept><code value="vmmc"/><display value="VMMC"/><designation><language value="en"/><use><code value="Fully-Specified"/></use><value value="VMMC"/></designation><property><code value="conceptclass"/><valueString value="Misc"/></property><property><code value="datatype"/><valueString value="None"/></property></concept><concept><code value="other-pitc"/><display value="Other PITC"/><designation><language value="en"/><use><code value="Fully-Specified"/></use><value value="Other PITC"/></designation><property><code value="conceptclass"/><valueString value="Misc"/></property><property><code value="datatype"/><valueString value="None"/></property></concept><concept><code value="9921305"/><display value="index"/><definition value="Refers to a document providing an index for the current document."/><designation><language value="en"/><value value="index"/></designation><property><code value="conceptclass"/><valueString value="Misc"/></property><property><code value="datatype"/><valueString value="N/A"/></property></concept></CodeSystem>