<?xml version="1.0" encoding="UTF-8"?><Measure xmlns="http://hl7.org/fhir"><id value="HIVIND29"/><meta><profile value="http://hl7.org/fhir/us/cqfmeasures/StructureDefinition/proportion-measure-cqfm"/><profile value="http://hl7.org/fhir/uv/crmi/StructureDefinition/crmi-shareablemeasure"/><profile value="http://hl7.org/fhir/uv/crmi/StructureDefinition/crmi-publishablemeasure"/><profile value="http://hl7.org/fhir/us/cqfmeasures/StructureDefinition/computable-measure-cqfm"/></meta><contained><Library><id value="effective-data-requirements"/><extension url="http://hl7.org/fhir/us/cqfmeasures/StructureDefinition/cqfm-directReferenceCode"><valueCoding><system value="http://smart.who.int/hiv/CodeSystem/HIVConcepts"/><code value="HIV.B.DE116"/><display value="HIV-positive"/></valueCoding></extension><extension url="http://hl7.org/fhir/us/cqfmeasures/StructureDefinition/cqfm-directReferenceCode"><valueCoding><system value="http://terminology.hl7.org/CodeSystem/condition-clinical"/><code value="active"/></valueCoding></extension><extension url="http://hl7.org/fhir/us/cqfmeasures/StructureDefinition/cqfm-directReferenceCode"><valueCoding><system value="http://terminology.hl7.org/CodeSystem/condition-category"/><code value="encounter-diagnosis"/><display value="Encounter Diagnosis"/></valueCoding></extension><extension url="http://hl7.org/fhir/us/cqfmeasures/StructureDefinition/cqfm-directReferenceCode"><valueCoding><system value="http://smart.who.int/hiv/CodeSystem/HIVConcepts"/><code value="HIV.B.DE115"/><display value="HIV status"/></valueCoding></extension><extension url="http://hl7.org/fhir/us/cqfmeasures/StructureDefinition/cqfm-directReferenceCode"><valueCoding><system value="http://smart.who.int/hiv/CodeSystem/HIVConcepts"/><code value="HIV.H.DE47"/><display value="On ART"/></valueCoding></extension><extension url="http://hl7.org/fhir/us/cqfmeasures/StructureDefinition/cqfm-directReferenceCode"><valueCoding><system value="http://smart.who.int/hiv/CodeSystem/HIVConcepts"/><code value="HIV.D.DE38"/><display value="On ART"/></valueCoding></extension><extension url="http://hl7.org/fhir/us/cqfmeasures/StructureDefinition/cqfm-directReferenceCode"><valueCoding><system value="http://smart.who.int/hiv/CodeSystem/HIVConcepts"/><code value="HIV.D.DE387"/><display value="Viral load test result"/></valueCoding></extension><extension url="http://hl7.org/fhir/us/cqfmeasures/StructureDefinition/cqfm-directReferenceCode"><valueCoding><system value="missing concepts"/><code value="viral load test"/></valueCoding></extension><extension url="http://hl7.org/fhir/us/cqfmeasures/StructureDefinition/cqfm-directReferenceCode"><valueCoding><system value="http://smart.who.int/hiv/CodeSystem/HIVConcepts"/><code value="HIV.D.DE392"/><display value="Routine viral load test"/></valueCoding></extension><extension url="http://hl7.org/fhir/us/cqfmeasures/StructureDefinition/cqfm-directReferenceCode"><valueCoding><system value="http://smart.who.int/hiv/CodeSystem/HIVConcepts"/><code value="HIV.A.DE20"/><display value="Male"/></valueCoding></extension><extension url="http://hl7.org/fhir/us/cqfmeasures/StructureDefinition/cqfm-directReferenceCode"><valueCoding><system value="http://smart.who.int/hiv/CodeSystem/HIVConcepts"/><code value="HIV.A.DE19"/><display value="Female"/></valueCoding></extension><extension url="http://hl7.org/fhir/us/cqfmeasures/StructureDefinition/cqfm-directReferenceCode"><valueCoding><system value="http://smart.who.int/hiv/CodeSystem/HIVConcepts"/><code value="HIV.A.DE22"/><display value="Transgender female"/></valueCoding></extension><extension url="http://hl7.org/fhir/us/cqfmeasures/StructureDefinition/cqfm-directReferenceCode"><valueCoding><system value="http://smart.who.int/hiv/CodeSystem/HIVConcepts"/><code value="HIV.A.DE21"/><display value="Transgender male"/></valueCoding></extension><extension url="http://hl7.org/fhir/us/cqfmeasures/StructureDefinition/cqfm-directReferenceCode"><valueCoding><system value="http://smart.who.int/hiv/CodeSystem/HIVConcepts"/><code value="HIV.A.DE23"/><display value="Other"/></valueCoding></extension><extension url="http://hl7.org/fhir/us/cqfmeasures/StructureDefinition/cqfm-directReferenceCode"><valueCoding><system value="http://smart.who.int/hiv/CodeSystem/HIVConcepts"/><code value="HIV.B.DE49"/><display value="Key population member*"/></valueCoding></extension><extension url="http://hl7.org/fhir/us/cqfmeasures/StructureDefinition/cqfm-directReferenceCode"><valueCoding><system value="http://terminology.hl7.org/CodeSystem/observation-category"/><code value="social-history"/><display value="Social History"/></valueCoding></extension><extension url="http://hl7.org/fhir/us/cqfmeasures/StructureDefinition/cqfm-logicDefinition"><extension url="libraryName"><valueString value="HIVElements"/></extension><extension url="name"><valueString value="HIV Status Positive Condition"/></extension><extension url="statement"><valueString value="define &quot;HIV Status Positive Condition&quot;:&#xA;  [Condition: Concepts.&quot;HIV-positive - HIV.B.DE116&quot;] C&#xA;    where C.clinicalStatus ~ ConceptsCustom.&quot;active&quot;&#xA;      and exists(C.category CC where CC ~ ConceptsCustom.&quot;encounter-diagnosis&quot;)&#xA;    sort by start of onset.toInterval()"/></extension><extension url="displaySequence"><valueInteger value="0"/></extension></extension><extension url="http://hl7.org/fhir/us/cqfmeasures/StructureDefinition/cqfm-logicDefinition"><extension url="libraryName"><valueString value="HIVIndicatorElements"/></extension><extension url="name"><valueString value="HIV Status Positive Condition"/></extension><extension url="statement"><valueString value="define &quot;HIV Status Positive Condition&quot;:&#xA;  Elements.&quot;HIV Status Positive Condition&quot; C&#xA;  where C.onset before end of &quot;Measurement Period&quot;"/></extension><extension url="displaySequence"><valueInteger value="1"/></extension></extension><extension url="http://hl7.org/fhir/us/cqfmeasures/StructureDefinition/cqfm-logicDefinition"><extension url="libraryName"><valueString value="HIVElements"/></extension><extension url="name"><valueString value="HIV Status Observation"/></extension><extension url="statement"><valueString value="/* End of HIV-inconclusive */&#xA;&#xA;/*&#xA;@dataElement: HIV.B.DE115 - HIV status&#xA;@activity: HIV.B7 Test for HIV using testing algorithm&#xA;@description: HIV status reported after applying the national HIV testing algorithm. No single HIV test can provide an HIV-positive diagnosis.&#xA;*/&#xA;define &quot;HIV Status Observation&quot;:&#xA;  [Observation: Concepts.&quot;HIV status&quot;] O&#xA;    where O.status in { 'final', 'amended', 'corrected' }"/></extension><extension url="displaySequence"><valueInteger value="2"/></extension></extension><extension url="http://hl7.org/fhir/us/cqfmeasures/StructureDefinition/cqfm-logicDefinition"><extension url="libraryName"><valueString value="HIVElements"/></extension><extension url="name"><valueString value="HIV Status Positive Observation"/></extension><extension url="statement"><valueString value="define &quot;HIV Status Positive Observation&quot;:&#xA;&quot;HIV Status Observation&quot; O&#xA;    where O.value ~ Concepts.&quot;HIV-positive - HIV.B.DE116&quot;&#xA;      sort by start of effective.toInterval()"/></extension><extension url="displaySequence"><valueInteger value="3"/></extension></extension><extension url="http://hl7.org/fhir/us/cqfmeasures/StructureDefinition/cqfm-logicDefinition"><extension url="libraryName"><valueString value="HIVIndicatorElements"/></extension><extension url="name"><valueString value="HIV Status Positive Observation"/></extension><extension url="statement"><valueString value="define &quot;HIV Status Positive Observation&quot;:&#xA;  Elements.&quot;HIV Status Positive Observation&quot; O&#xA;  where O.issued before end of &quot;Measurement Period&quot;&#xA;  or O.effective.toInterval() starts before end of &quot;Measurement Period&quot;"/></extension><extension url="displaySequence"><valueInteger value="4"/></extension></extension><extension url="http://hl7.org/fhir/us/cqfmeasures/StructureDefinition/cqfm-logicDefinition"><extension url="libraryName"><valueString value="HIVIndicatorElements"/></extension><extension url="name"><valueString value="Has HIV-positive Status"/></extension><extension url="statement"><valueString value="define &quot;Has HIV-positive Status&quot;:&#xA;  exists &quot;HIV Status Positive Condition&quot;&#xA;  or exists &quot;HIV Status Positive Observation&quot;"/></extension><extension url="displaySequence"><valueInteger value="5"/></extension></extension><extension url="http://hl7.org/fhir/us/cqfmeasures/StructureDefinition/cqfm-logicDefinition"><extension url="libraryName"><valueString value="HIVElements"/></extension><extension url="name"><valueString value="On ART H.DE47"/></extension><extension url="statement"><valueString value="/* End of Refused stopped treatment */&#xA;&#xA;/*&#xA;@dataElement: HIV.H.DE47 - On ART&#xA;@activity: HIV.H3 Record outreach and result&#xA;@description: Client is currently taking ART &#xA;*/&#xA;&#xA;define &quot;On ART H.DE47&quot;:&#xA;    [MedicationStatement] MS&#xA;    where exists(MS.reasonCode C where C ~ Concepts.&quot;On ART - HIV.H.DE47&quot;)&#xA;    sort by start of effective.toInterval()"/></extension><extension url="displaySequence"><valueInteger value="6"/></extension></extension><extension url="http://hl7.org/fhir/us/cqfmeasures/StructureDefinition/cqfm-logicDefinition"><extension url="libraryName"><valueString value="HIVIndicatorElements"/></extension><extension url="name"><valueString value="On ART H.DE47"/></extension><extension url="statement"><valueString value="/* End of Refused stopped treatment */&#xA;&#xA;/*&#xA;@dataElement: HIV.H.DE47 - On ART&#xA;@activity: HIV.H3 Record outreach and result&#xA;@description: Client is currently taking ART &#xA;*/&#xA;define &quot;On ART H.DE47&quot;:&#xA;  exists(Elements.&quot;On ART H.DE47&quot; ART&#xA;   where ART.effective.toInterval() starts before end of &quot;Measurement Period&quot;&#xA;    and (ART.effective.toInterval() ends after start of &quot;Measurement Period&quot;)&#xA;   )"/></extension><extension url="displaySequence"><valueInteger value="7"/></extension></extension><extension url="http://hl7.org/fhir/us/cqfmeasures/StructureDefinition/cqfm-logicDefinition"><extension url="libraryName"><valueString value="HIVElements"/></extension><extension url="name"><valueString value="On ART D.DE38"/></extension><extension url="statement"><valueString value="/* End of Serodiscordant partner D.DE37 */&#xA;&#xA;/*&#xA;@dataElement: HIV.D.DE38 - On ART&#xA;@activity: HIV.D8 Capture or update client history&#xA;@description: Client is currently taking ART&#xA;*/&#xA;&#xA;define &quot;On ART D.DE38&quot;:&#xA;    [MedicationStatement] MS&#xA;    where exists(MS.reasonCode C where C ~ Concepts.&quot;On ART - HIV.D.DE38&quot;)&#xA;    sort by start of effective.toInterval()"/></extension><extension url="displaySequence"><valueInteger value="8"/></extension></extension><extension url="http://hl7.org/fhir/us/cqfmeasures/StructureDefinition/cqfm-logicDefinition"><extension url="libraryName"><valueString value="HIVElements"/></extension><extension url="name"><valueString value="First On ART"/></extension><extension url="statement"><valueString value="define &quot;First On ART&quot;:&#xA;  (First(&quot;On ART D.DE38&quot;))"/></extension><extension url="displaySequence"><valueInteger value="9"/></extension></extension><extension url="http://hl7.org/fhir/us/cqfmeasures/StructureDefinition/cqfm-logicDefinition"><extension url="libraryName"><valueString value="HIVElements"/></extension><extension url="name"><valueString value="Viral load test result D.DE387"/></extension><extension url="statement"><valueString value="/* End of Time to start ART */&#xA;&#xA;/*&#xA;@dataElement: HIV.D.DE387 - Viral load test result&#xA;@activity: HIV.D20 Diagnostics&#xA;@description: Result from the viral load test in number of copies/mL&#xA;*/&#xA;&#xA;define &quot;Viral load test result D.DE387&quot;:&#xA;  [Observation: Concepts.&quot;Viral load test result - HIV.D.DE387&quot;] O&#xA;    where O.status in { 'final', 'amended', 'corrected' }"/></extension><extension url="displaySequence"><valueInteger value="10"/></extension></extension><extension url="http://hl7.org/fhir/us/cqfmeasures/StructureDefinition/cqfm-logicDefinition"><extension url="libraryName"><valueString value="HIVIndicatorElements"/></extension><extension url="name"><valueString value="Viral load test result D.DE387"/></extension><extension url="statement"><valueString value="/* End of Date of baseline CD4 count test D.DE368 */&#xA;&#xA;/*&#xA;@dataElement: HIV.D.DE387 - Viral load test result&#xA;@activity: HIV.D20 Diagnostics&#xA;@description: Result from the viral load test in number of copies/mL&#xA;*/&#xA;&#xA;define &quot;Viral load test result D.DE387&quot;:&#xA;  Elements.&quot;Viral load test result D.DE387&quot; O&#xA;    where O.effective.toInterval() during &quot;Measurement Period&quot;"/></extension><extension url="displaySequence"><valueInteger value="11"/></extension></extension><extension url="http://hl7.org/fhir/us/cqfmeasures/StructureDefinition/cqfm-logicDefinition"><extension url="libraryName"><valueString value="HIVElements"/></extension><extension url="name"><valueString value="routine viral load sample collection"/></extension><extension url="statement"><valueString value="define &quot;routine viral load sample collection&quot;:&#xA;  [Procedure] P&#xA;  where P.status = 'completed'&#xA;  and P.code ~ ConceptsCustom.&quot;viral load test&quot;&#xA;  and exists(P.reasonCode RC where RC ~ Concepts.&quot;Routine viral load test&quot;)"/></extension><extension url="displaySequence"><valueInteger value="12"/></extension></extension><extension url="http://hl7.org/fhir/us/cqfmeasures/StructureDefinition/cqfm-logicDefinition"><extension url="libraryName"><valueString value="HIVIND29Logic"/></extension><extension url="name"><valueString value="Numerator"/></extension><extension url="statement"><valueString value="/**&#xA; * Numerator&#xA; * &#xA; * Definition: Number of people living with HIV on ART for at least six months and with at least one routine VL test result who have virological suppression (&lt;1000 copies/mL*) during the reporting period.&#xA; * Calculation: COUNT of clients with &quot;HIV status&quot;='HIV-positive' AND &quot;On ART&quot;=True and &quot;ART start date&quot; GREATER THAN 6 months before reporting period end date AND &quot;Date of viral load sample collection&quot; within reporting period AND &quot;Reason for HIV viral load test&quot;='Routine viral load test' AND &quot;Viral load test result&quot; LESS THAN 1000 copies/mL&#xA; */&#xA;&#xA;define &quot;Numerator&quot;:&#xA; HIE.&quot;Has HIV-positive Status&quot;&#xA;  and HIE.&quot;On ART H.DE47&quot;&#xA;  and &#xA;   (months between (end of &quot;Measurement Period&quot;) and (date from start of HE.&quot;First On ART&quot;.effective.toInterval()) &gt; 6 months)&#xA;   and &#xA;   exists(&#xA;    HIE.&quot;Viral load test result D.DE387&quot; VL&#xA;    with HE.&quot;routine viral load sample collection&quot; P &#xA;    such that VL.partOf.references(P) and P.performed.toInterval() during &quot;Measurement Period&quot;&#xA;    where VL.value &lt; 1000&#xA;    )"/></extension><extension url="displaySequence"><valueInteger value="13"/></extension></extension><extension url="http://hl7.org/fhir/us/cqfmeasures/StructureDefinition/cqfm-logicDefinition"><extension url="libraryName"><valueString value="HIVIND29Logic"/></extension><extension url="name"><valueString value="Denominator"/></extension><extension url="statement"><valueString value="/**&#xA; * Denominator&#xA; *&#xA; * Definition: Number of people living with HIV on ART at least six months with at least one routine VL result in a medical or laboratory record during the reporting period, to monitor progress towards the third 95 target |  | In addition, this can also be presented as the number with suppressed VL among all people living with HIV to calculate population-level viral suppression.&#xA; * Calculation: COUNT of clients with &quot;HIV status&quot;='HIV-positive' AND &quot;On ART&quot;=True and &quot;ART start date&quot; GREATER THAN 6 months before reporting period end date AND &quot;Date of viral load sample collection&quot; within reporting period AND &quot;Reason for HIV viral load test&quot;='Routine viral load test'&#xA; */&#xA;&#xA;define &quot;Denominator&quot;:&#xA; HIE.&quot;Has HIV-positive Status&quot;&#xA;  and HIE.&quot;On ART H.DE47&quot;&#xA;  and &#xA;   (months between (end of &quot;Measurement Period&quot;) and (date from start of HE.&quot;First On ART&quot;.effective.toInterval()) &gt; 6 months)&#xA;   and &#xA;   exists(&#xA;    HIE.&quot;Viral load test result D.DE387&quot; VL&#xA;    with HE.&quot;routine viral load sample collection&quot; P &#xA;    such that VL.partOf.references(P) and P.performed.toInterval() during &quot;Measurement Period&quot;&#xA;    )"/></extension><extension url="displaySequence"><valueInteger value="14"/></extension></extension><extension url="http://hl7.org/fhir/us/cqfmeasures/StructureDefinition/cqfm-logicDefinition"><extension url="libraryName"><valueString value="HIVIND29Logic"/></extension><extension url="name"><valueString value="Initial Population"/></extension><extension url="statement"><valueString value="/* Populations */&#xA;&#xA;/*&#xA; *Initial Population&#xA; */&#xA;&#xA;define &quot;Initial Population&quot;:&#xA;  true"/></extension><extension url="displaySequence"><valueInteger value="15"/></extension></extension><extension url="http://hl7.org/fhir/us/cqfmeasures/StructureDefinition/cqfm-logicDefinition"><extension url="libraryName"><valueString value="HIVIndicatorElements"/></extension><extension url="name"><valueString value="By Administrative Gender Stratifier"/></extension><extension url="statement"><valueString value="/* End of Age */&#xA;&#xA;&#xA;&#xA;&#xA;&#xA;&#xA;/*&#xA;@dataElement: HIV.A.DE18 - Gender&#xA;@activity: HIV.A6.1 Review sociodemographic data with client | HIV.A5 Create new client record&#xA;@description: Gender of the client&#xA;*/&#xA;&#xA;/*&#xA; * By Administrative Gender of Patient Stratifier&#xA; * Need to expand codes&#xA; */&#xA;&#xA;define &quot;By Administrative Gender Stratifier&quot;:&#xA;  case &#xA;      when Patient.gender = 'male' then Concepts.&quot;Male&quot;&#xA;      when Patient.gender = 'female' then Concepts.&quot;Female&quot;&#xA;      when Patient.gender = 'transgender female' then Concepts.&quot;Transgender female&quot;&#xA;      when Patient.gender = 'transgender male' then Concepts.&quot;Transgender male&quot;&#xA;      else Concepts.&quot;Other - HIV.A.DE23&quot;&#xA;  end"/></extension><extension url="displaySequence"><valueInteger value="16"/></extension></extension><extension url="http://hl7.org/fhir/us/cqfmeasures/StructureDefinition/cqfm-logicDefinition"><extension url="libraryName"><valueString value="HIVIndicatorElements"/></extension><extension url="name"><valueString value="Age In Years"/></extension><extension url="statement"><valueString value="/* End of Visit date A.DE3 */&#xA;&#xA;/*&#xA;@dataElement: HIV.A.DE17 - Age&#xA;@activity: HIV.A6.1 Review sociodemographic data with client | HIV.A5 Create new client record&#xA;@description: Calculated age (number of years) of the client based on date of birth&#xA;*/&#xA;define &quot;Age In Years&quot;:&#xA;  AgeInYearsAt(start of &quot;Measurement Period&quot;)"/></extension><extension url="displaySequence"><valueInteger value="17"/></extension></extension><extension url="http://hl7.org/fhir/us/cqfmeasures/StructureDefinition/cqfm-logicDefinition"><extension url="libraryName"><valueString value="HIVIndicatorElements"/></extension><extension url="name"><valueString value="By Age Stratifier"/></extension><extension url="statement"><valueString value="/*&#xA; * By Age Stratifiers&#xA; * (0–4, 5–9, 10–14, 15–19, 20–24, 25–29, 30–34, 35–39, 40–44, 45–49, 50+ years)&#xA; * &#xA; */&#xA;define &quot;By Age Stratifier&quot;:&#xA;  case &#xA;      when &quot;Age In Years&quot; &lt;= 4 then '0-4'&#xA;      when &quot;Age In Years&quot; &lt;= 9 then '5-9'&#xA;      when &quot;Age In Years&quot; &lt;= 14 then '10–14'&#xA;      when &quot;Age In Years&quot; &lt;= 19 then '15–19'&#xA;      when &quot;Age In Years&quot; &lt;= 24 then '20–24'&#xA;      when &quot;Age In Years&quot; &lt;= 29 then '25–29'&#xA;      when &quot;Age In Years&quot; &lt;= 34 then '30–34'&#xA;      when &quot;Age In Years&quot; &lt;= 39 then '35–39'&#xA;      when &quot;Age In Years&quot; &lt;= 44 then '40–44'&#xA;      when &quot;Age In Years&quot; &lt;= 49 then '45–49'&#xA;      when &quot;Age In Years&quot; &gt;= 50 then '50+'&#xA;      else null&#xA;  end"/></extension><extension url="displaySequence"><valueInteger value="18"/></extension></extension><extension url="http://hl7.org/fhir/us/cqfmeasures/StructureDefinition/cqfm-logicDefinition"><extension url="libraryName"><valueString value="HIVIndicatorElements"/></extension><extension url="name"><valueString value="By Geographic Region Stratifier"/></extension><extension url="statement"><valueString value="// Geographic Region&#xA;define &quot;By Geographic Region Stratifier&quot;:&#xA;    First(Patient.address A where A.use in { 'home' }).state"/></extension><extension url="displaySequence"><valueInteger value="19"/></extension></extension><extension url="http://hl7.org/fhir/us/cqfmeasures/StructureDefinition/cqfm-logicDefinition"><extension url="libraryName"><valueString value="HIVElements"/></extension><extension url="name"><valueString value="Key population member type Observation"/></extension><extension url="statement"><valueString value="/* End of Key population member B.DE49 */&#xA;&#xA;/*&#xA;@dataElement: HIV.B.DE50 - Key population member type&#xA;@activity: HIV.B6 Capture or update client history&#xA;@description: The type of key population that the client is included in&#xA;*/&#xA;define &quot;Key population member type Observation&quot;:&#xA;  [Observation: Concepts.&quot;Key population member - HIV.B.DE49&quot;] O&#xA;    where O.status in { 'final', 'amended', 'corrected' }&#xA;    and exists(O.category OC where OC ~ ConceptsCustom.&quot;social-history&quot;)"/></extension><extension url="displaySequence"><valueInteger value="20"/></extension></extension><extension url="http://hl7.org/fhir/us/cqfmeasures/StructureDefinition/cqfm-logicDefinition"><extension url="libraryName"><valueString value="HIVIndicatorElements"/></extension><extension url="name"><valueString value="Key population member type Observation"/></extension><extension url="statement"><valueString value="define &quot;Key population member type Observation&quot;:&#xA;  Elements.&quot;Key population member type Observation&quot; O&#xA;    where O.effective.toInterval() before end of &quot;Measurement Period&quot;&#xA;    or O.issued before end of &quot;Measurement Period&quot;"/></extension><extension url="displaySequence"><valueInteger value="21"/></extension></extension><extension url="http://hl7.org/fhir/us/cqfmeasures/StructureDefinition/cqfm-logicDefinition"><extension url="libraryName"><valueString value="HIVIndicatorElements"/></extension><extension url="name"><valueString value="patientGroups"/></extension><extension url="statement"><valueString value="// Stratifier&#xA;define patientGroups:&#xA;  &quot;Key population member type Observation&quot; O&#xA;  return Combine(O.code.coding.code, ':')"/></extension><extension url="displaySequence"><valueInteger value="22"/></extension></extension><extension url="http://hl7.org/fhir/us/cqfmeasures/StructureDefinition/cqfm-logicDefinition"><extension url="libraryName"><valueString value="HIVIND29Logic"/></extension><extension url="name"><valueString value="Stratification"/></extension><extension url="statement"><valueString value="define &quot;Stratification&quot;:&#xA; HIE.&quot;By Administrative Gender Stratifier&quot;.code &#xA;  + ':' + HIE.&quot;By Age Stratifier&quot;&#xA;+ ':' + HIE.&quot;By Geographic Region Stratifier&quot;&#xA;+ Combine(HIE.patientGroups, ':')"/></extension><extension url="displaySequence"><valueInteger value="23"/></extension></extension><extension url="http://hl7.org/fhir/us/cqfmeasures/StructureDefinition/cqfm-logicDefinition"><extension url="libraryName"><valueString value="FHIRHelpers"/></extension><extension url="name"><valueString value="ToConcept"/></extension><extension url="statement"><valueString value="define function ToConcept(concept FHIR.CodeableConcept):&#xA;    if concept is null then&#xA;        null&#xA;    else&#xA;        System.Concept {&#xA;            codes: concept.coding C return ToCode(C),&#xA;            display: concept.text.value&#xA;        }"/></extension><extension url="displaySequence"><valueInteger value="24"/></extension></extension><extension url="http://hl7.org/fhir/us/cqfmeasures/StructureDefinition/cqfm-logicDefinition"><extension url="libraryName"><valueString value="FHIRHelpers"/></extension><extension url="name"><valueString value="ToDateTime"/></extension><extension url="statement"><valueString value="define function ToDateTime(value dateTime): value.value"/></extension><extension url="displaySequence"><valueInteger value="25"/></extension></extension><extension url="http://hl7.org/fhir/us/cqfmeasures/StructureDefinition/cqfm-logicDefinition"><extension url="libraryName"><valueString value="FHIRHelpers"/></extension><extension url="name"><valueString value="ToString"/></extension><extension url="statement"><valueString value="define function ToString(value ObservationStatus): value.value"/></extension><extension url="displaySequence"><valueInteger value="26"/></extension></extension><extension url="http://hl7.org/fhir/us/cqfmeasures/StructureDefinition/cqfm-logicDefinition"><extension url="libraryName"><valueString value="FHIRHelpers"/></extension><extension url="name"><valueString value="ToDateTime"/></extension><extension url="statement"><valueString value="define function ToDateTime(value instant): value.value"/></extension><extension url="displaySequence"><valueInteger value="27"/></extension></extension><extension url="http://hl7.org/fhir/us/cqfmeasures/StructureDefinition/cqfm-logicDefinition"><extension url="libraryName"><valueString value="FHIRHelpers"/></extension><extension url="name"><valueString value="ToString"/></extension><extension url="statement"><valueString value="define function ToString(value ProcedureStatus): value.value"/></extension><extension url="displaySequence"><valueInteger value="28"/></extension></extension><extension url="http://hl7.org/fhir/us/cqfmeasures/StructureDefinition/cqfm-logicDefinition"><extension url="libraryName"><valueString value="WHOCommon"/></extension><extension url="name"><valueString value="references"/></extension><extension url="statement"><valueString value="/*&#xA;@description: Returns true if any of the given references are to the given resource&#xA;@comment: Returns true if the `id` element of the given resource exactly equals the tail of any of the given references.&#xA;NOTE: This function assumes resources from the same source server.&#xA;*/&#xA;define fluent function references(references List&lt;FHIR.Reference&gt;, resource FHIR.Resource):&#xA;  exists (references R where R.references(resource))"/></extension><extension url="displaySequence"><valueInteger value="29"/></extension></extension><extension url="http://hl7.org/fhir/us/cqfmeasures/StructureDefinition/cqfm-logicDefinition"><extension url="libraryName"><valueString value="WHOCommon"/></extension><extension url="name"><valueString value="references"/></extension><extension url="statement"><valueString value="/*&#xA;@description: Returns true if the given reference is to the given resource&#xA;@comment: Returns true if the `id` element of the given resource exactly equals the tail of the given reference.&#xA;NOTE: This function assumes resources from the same source server.&#xA;*/&#xA;define fluent function references(reference FHIR.Reference, resource FHIR.Resource):&#xA;  resource.id = Last(Split(reference.reference, '/'))"/></extension><extension url="displaySequence"><valueInteger value="30"/></extension></extension><extension url="http://hl7.org/fhir/us/cqfmeasures/StructureDefinition/cqfm-logicDefinition"><extension url="libraryName"><valueString value="FHIRHelpers"/></extension><extension url="name"><valueString value="ToString"/></extension><extension url="statement"><valueString value="define function ToString(value string): value.value"/></extension><extension url="displaySequence"><valueInteger value="31"/></extension></extension><extension url="http://hl7.org/fhir/us/cqfmeasures/StructureDefinition/cqfm-logicDefinition"><extension url="libraryName"><valueString value="FHIRHelpers"/></extension><extension url="name"><valueString value="ToInteger"/></extension><extension url="statement"><valueString value="define function ToInteger(value integer): value.value"/></extension><extension url="displaySequence"><valueInteger value="32"/></extension></extension><extension url="http://hl7.org/fhir/us/cqfmeasures/StructureDefinition/cqfm-logicDefinition"><extension url="libraryName"><valueString value="FHIRHelpers"/></extension><extension url="name"><valueString value="ToString"/></extension><extension url="statement"><valueString value="define function ToString(value AdministrativeGender): value.value"/></extension><extension url="displaySequence"><valueInteger value="33"/></extension></extension><extension url="http://hl7.org/fhir/us/cqfmeasures/StructureDefinition/cqfm-logicDefinition"><extension url="libraryName"><valueString value="FHIRHelpers"/></extension><extension url="name"><valueString value="ToString"/></extension><extension url="statement"><valueString value="define function ToString(value AddressUse): value.value"/></extension><extension url="displaySequence"><valueInteger value="34"/></extension></extension><name value="EffectiveDataRequirements"/><status value="active"/><type><coding><system value="http://terminology.hl7.org/CodeSystem/library-type"/><code value="module-definition"/></coding></type><relatedArtifact><type value="depends-on"/><display value="Library HIE"/><resource value="Library/HIVIndicatorElements"/></relatedArtifact><relatedArtifact><type value="depends-on"/><display value="Library Elements"/><resource value="Library/HIVElements"/></relatedArtifact><relatedArtifact><type value="depends-on"/><display value="Library Concepts"/><resource value="Library/HIVConcepts"/></relatedArtifact><relatedArtifact><type value="depends-on"/><display value="Library FHIRHelpers"/><resource value="Library/FHIRHelpers|4.0.1"/></relatedArtifact><relatedArtifact><type value="depends-on"/><display value="Library ConceptsCustom"/><resource value="Library/HIVConceptsCustom"/></relatedArtifact><relatedArtifact><type value="depends-on"/><display value="Library WC"/><resource value="Library/WHOCommon"/></relatedArtifact><relatedArtifact><type value="depends-on"/><display value="Library FHIRHelpers"/><resource value="Library/FHIRHelpers|4.0.1"/></relatedArtifact><relatedArtifact><type value="depends-on"/><display value="Library WC"/><resource value="Library/WHOCommon"/></relatedArtifact><relatedArtifact><type value="depends-on"/><display value="Library WCom"/><resource value="Library/WHOCommon"/></relatedArtifact><relatedArtifact><type value="depends-on"/><display value="Library HE"/><resource value="Library/HIVElements"/></relatedArtifact><relatedArtifact><type value="depends-on"/><display value="Library FHIRHelpers"/><resource value="Library/FHIRHelpers|4.0.1"/></relatedArtifact><relatedArtifact><type value="depends-on"/><display value="Library FHIRHelpers"/><resource value="Library/FHIRHelpers|4.0.1"/></relatedArtifact><relatedArtifact><type value="depends-on"/><display value="Library Concepts"/><resource value="Library/HIVConcepts"/></relatedArtifact><relatedArtifact><type value="depends-on"/><display value="Code system HIVConcepts"/><resource value="http://smart.who.int/hiv/CodeSystem/HIVConcepts"/></relatedArtifact><relatedArtifact><type value="depends-on"/><display value="Code system ConditionClinicalStatusCodes"/><resource value="http://terminology.hl7.org/CodeSystem/condition-clinical"/></relatedArtifact><relatedArtifact><type value="depends-on"/><display value="Code system ConditionCategoryCodes"/><resource value="http://terminology.hl7.org/CodeSystem/condition-category"/></relatedArtifact><relatedArtifact><type value="depends-on"/><display value="Code system missing concepts"/><resource value="missing concepts"/></relatedArtifact><relatedArtifact><type value="depends-on"/><display value="Code system ObservationCategoryCodes"/><resource value="http://terminology.hl7.org/CodeSystem/observation-category"/></relatedArtifact><parameter><name value="Measurement Period"/><use value="in"/><min value="0"/><max value="1"/><type value="Period"/></parameter><parameter><name value="Numerator"/><use value="out"/><min value="0"/><max value="1"/><type value="boolean"/></parameter><parameter><name value="Denominator"/><use value="out"/><min value="0"/><max value="1"/><type value="boolean"/></parameter><parameter><name value="Initial Population"/><use value="out"/><min value="0"/><max value="1"/><type value="boolean"/></parameter><parameter><name value="Stratification"/><use value="out"/><min value="0"/><max value="1"/><type value="string"/></parameter><dataRequirement><type value="Condition"/><profile value="http://hl7.org/fhir/StructureDefinition/Condition"/><mustSupport value="code"/><mustSupport value="clinicalStatus"/><mustSupport value="category"/><codeFilter><path value="code"/><code><system value="http://smart.who.int/hiv/CodeSystem/HIVConcepts"/><code value="HIV.B.DE116"/><display value="HIV-positive"/></code></codeFilter></dataRequirement><dataRequirement><type value="Condition"/><profile value="http://hl7.org/fhir/StructureDefinition/Condition"/><mustSupport value="code"/><mustSupport value="clinicalStatus"/><mustSupport value="category"/><mustSupport value="onset"/><codeFilter><path value="code"/><code><system value="http://smart.who.int/hiv/CodeSystem/HIVConcepts"/><code value="HIV.B.DE116"/><display value="HIV-positive"/></code></codeFilter></dataRequirement><dataRequirement><type value="Observation"/><profile value="http://hl7.org/fhir/StructureDefinition/Observation"/><mustSupport value="code"/><mustSupport value="status"/><codeFilter><path value="code"/><code><system value="http://smart.who.int/hiv/CodeSystem/HIVConcepts"/><code value="HIV.B.DE115"/><display value="HIV status"/></code></codeFilter></dataRequirement><dataRequirement><type value="Observation"/><profile value="http://hl7.org/fhir/StructureDefinition/Observation"/><mustSupport value="code"/><mustSupport value="status"/><mustSupport value="value"/><codeFilter><path value="code"/><code><system value="http://smart.who.int/hiv/CodeSystem/HIVConcepts"/><code value="HIV.B.DE115"/><display value="HIV status"/></code></codeFilter></dataRequirement><dataRequirement><type value="Observation"/><profile value="http://hl7.org/fhir/StructureDefinition/Observation"/><mustSupport value="code"/><mustSupport value="status"/><mustSupport value="value"/><mustSupport value="issued"/><mustSupport value="effective"/><codeFilter><path value="code"/><code><system value="http://smart.who.int/hiv/CodeSystem/HIVConcepts"/><code value="HIV.B.DE115"/><display value="HIV status"/></code></codeFilter></dataRequirement><dataRequirement><type value="MedicationStatement"/><profile value="http://hl7.org/fhir/StructureDefinition/MedicationStatement"/><mustSupport value="reasonCode"/></dataRequirement><dataRequirement><type value="MedicationStatement"/><profile value="http://hl7.org/fhir/StructureDefinition/MedicationStatement"/><mustSupport value="reasonCode"/><mustSupport value="effective"/></dataRequirement><dataRequirement><type value="MedicationStatement"/><profile value="http://hl7.org/fhir/StructureDefinition/MedicationStatement"/><mustSupport value="reasonCode"/></dataRequirement><dataRequirement><type value="Observation"/><profile value="http://hl7.org/fhir/StructureDefinition/Observation"/><mustSupport value="code"/><mustSupport value="status"/><codeFilter><path value="code"/><code><system value="http://smart.who.int/hiv/CodeSystem/HIVConcepts"/><code value="HIV.D.DE387"/><display value="Viral load test result"/></code></codeFilter></dataRequirement><dataRequirement><type value="Observation"/><profile value="http://hl7.org/fhir/StructureDefinition/Observation"/><mustSupport value="code"/><mustSupport value="status"/><mustSupport value="effective"/><codeFilter><path value="code"/><code><system value="http://smart.who.int/hiv/CodeSystem/HIVConcepts"/><code value="HIV.D.DE387"/><display value="Viral load test result"/></code></codeFilter></dataRequirement><dataRequirement><type value="Procedure"/><profile value="http://hl7.org/fhir/StructureDefinition/Procedure"/><mustSupport value="status"/><mustSupport value="code"/><mustSupport value="reasonCode"/></dataRequirement><dataRequirement><type value="Procedure"/><profile value="http://hl7.org/fhir/StructureDefinition/Procedure"/><mustSupport value="status"/><mustSupport value="code"/><mustSupport value="reasonCode"/><mustSupport value="performed"/></dataRequirement><dataRequirement><type value="Observation"/><profile value="http://hl7.org/fhir/StructureDefinition/Observation"/><mustSupport value="code"/><mustSupport value="status"/><mustSupport value="effective"/><mustSupport value="partOf"/><mustSupport value="value"/><codeFilter><path value="code"/><code><system value="http://smart.who.int/hiv/CodeSystem/HIVConcepts"/><code value="HIV.D.DE387"/><display value="Viral load test result"/></code></codeFilter></dataRequirement><dataRequirement><type value="Procedure"/><profile value="http://hl7.org/fhir/StructureDefinition/Procedure"/><mustSupport value="status"/><mustSupport value="code"/><mustSupport value="reasonCode"/><mustSupport value="performed"/></dataRequirement><dataRequirement><type value="Observation"/><profile value="http://hl7.org/fhir/StructureDefinition/Observation"/><mustSupport value="code"/><mustSupport value="status"/><mustSupport value="effective"/><mustSupport value="partOf"/><codeFilter><path value="code"/><code><system value="http://smart.who.int/hiv/CodeSystem/HIVConcepts"/><code value="HIV.D.DE387"/><display value="Viral load test result"/></code></codeFilter></dataRequirement><dataRequirement><type value="Patient"/><profile value="http://hl7.org/fhir/StructureDefinition/Patient"/></dataRequirement><dataRequirement><type value="Patient"/><profile value="http://hl7.org/fhir/StructureDefinition/Patient"/><mustSupport value="use"/></dataRequirement><dataRequirement><type value="Observation"/><profile value="http://hl7.org/fhir/StructureDefinition/Observation"/><mustSupport value="code"/><mustSupport value="status"/><mustSupport value="category"/><codeFilter><path value="code"/><code><system value="http://smart.who.int/hiv/CodeSystem/HIVConcepts"/><code value="HIV.B.DE49"/><display value="Key population member*"/></code></codeFilter></dataRequirement><dataRequirement><type value="Observation"/><profile value="http://hl7.org/fhir/StructureDefinition/Observation"/><mustSupport value="code"/><mustSupport value="status"/><mustSupport value="category"/><mustSupport value="effective"/><mustSupport value="issued"/><codeFilter><path value="code"/><code><system value="http://smart.who.int/hiv/CodeSystem/HIVConcepts"/><code value="HIV.B.DE49"/><display value="Key population member*"/></code></codeFilter></dataRequirement><dataRequirement><type value="Observation"/><profile value="http://hl7.org/fhir/StructureDefinition/Observation"/><mustSupport value="code"/><mustSupport value="status"/><mustSupport value="category"/><mustSupport value="effective"/><mustSupport value="issued"/><mustSupport value="code.coding"/><codeFilter><path value="code"/><code><system value="http://smart.who.int/hiv/CodeSystem/HIVConcepts"/><code value="HIV.B.DE49"/><display value="Key population member*"/></code></codeFilter></dataRequirement><dataRequirement><type value="MedicationStatement"/><profile value="http://hl7.org/fhir/StructureDefinition/MedicationStatement"/><mustSupport value="reasonCode"/></dataRequirement></Library></contained><extension url="http://hl7.org/fhir/us/cqfmeasures/StructureDefinition/cqfm-populationBasis"><valueCode value="boolean"/></extension><extension url="http://hl7.org/fhir/us/cqfmeasures/StructureDefinition/cqfm-softwaresystem"><valueReference><reference value="Device/cqf-tooling"/></valueReference></extension><extension id="effective-data-requirements" url="http://hl7.org/fhir/us/cqfmeasures/StructureDefinition/cqfm-effectiveDataRequirements"><valueReference><reference value="#effective-data-requirements"/></valueReference></extension><url value="http://smart.who.int/hiv/Measure/HIVIND29"/><version value="0.1.0"/><name value="HIVIND29"/><title value="HIV.IND.29 People living with HIV on ART who have suppressed viral load"/><status value="draft"/><experimental value="true"/><date value="2024-09-16"/><publisher value="intellisoftkenya"/><contact><name value="intellisoftkenya"/><telecom><system value="url"/><value value="https://www.intellisoftkenya.com/"/></telecom></contact><description value="% of people living with HIV on ART (for at least six months) who have virological suppression"/><library value="http://smart.who.int/hiv/Library/HIVIND29Logic"/><scoring><coding><system value="http://terminology.hl7.org/CodeSystem/measure-scoring"/><code value="proportion"/><display value="Proportion"/></coding></scoring><group><population id="HIV.IND.29.IP"><code><coding><system value="http://terminology.hl7.org/CodeSystem/measure-population"/><code value="initial-population"/><display value="Initial Population"/></coding></code><description value="Initial Population"/><criteria><language value="text/cql"/><expression value="Initial Population"/></criteria></population><population id="HIV.IND.29.DEN"><code><coding><system value="http://terminology.hl7.org/CodeSystem/measure-population"/><code value="denominator"/><display value="Denominator"/></coding></code><description value="Number of people living with HIV on ART at least six months with at least one routine VL result in a medical or laboratory record during the reporting period, to monitor progress towards the third 95 target |  | In addition, this can also be presented as the number with suppressed VL among all people living with HIV to calculate population-level viral suppression."/><criteria><language value="text/cql"/><expression value="Denominator"/></criteria></population><population id="HIV.IND.29.NUM"><code><coding><system value="http://terminology.hl7.org/CodeSystem/measure-population"/><code value="numerator"/><display value="Numerator"/></coding></code><description value="Number of people living with HIV on ART for at least six months and with at least one routine VL test result who have virological suppression (&lt;1000 copies/mL) during the reporting period."/><criteria><language value="text/cql"/><expression value="Numerator"/></criteria></population><stratifier id="HIV.IND.29.S"><criteria><language value="text/cql"/><expression value="Stratification"/></criteria></stratifier></group></Measure>