<?xml version="1.0" encoding="UTF-8"?><Measure xmlns="http://hl7.org/fhir"><id value="HIVIND27"/><meta><profile value="http://hl7.org/fhir/us/cqfmeasures/StructureDefinition/cv-measure-cqfm"/><profile value="http://hl7.org/fhir/uv/crmi/StructureDefinition/crmi-shareablemeasure"/><profile value="http://hl7.org/fhir/uv/crmi/StructureDefinition/crmi-publishablemeasure"/><profile value="http://hl7.org/fhir/us/cqfmeasures/StructureDefinition/computable-measure-cqfm"/></meta><contained><Library><id value="effective-data-requirements"/><extension url="http://hl7.org/fhir/us/cqfmeasures/StructureDefinition/cqfm-directReferenceCode"><valueCoding><system value="http://smart.who.int/hiv/CodeSystem/HIVConcepts"/><code value="HIV.A.DE20"/><display value="Male"/></valueCoding></extension><extension url="http://hl7.org/fhir/us/cqfmeasures/StructureDefinition/cqfm-directReferenceCode"><valueCoding><system value="http://smart.who.int/hiv/CodeSystem/HIVConcepts"/><code value="HIV.A.DE19"/><display value="Female"/></valueCoding></extension><extension url="http://hl7.org/fhir/us/cqfmeasures/StructureDefinition/cqfm-directReferenceCode"><valueCoding><system value="http://smart.who.int/hiv/CodeSystem/HIVConcepts"/><code value="HIV.A.DE22"/><display value="Transgender female"/></valueCoding></extension><extension url="http://hl7.org/fhir/us/cqfmeasures/StructureDefinition/cqfm-directReferenceCode"><valueCoding><system value="http://smart.who.int/hiv/CodeSystem/HIVConcepts"/><code value="HIV.A.DE21"/><display value="Transgender male"/></valueCoding></extension><extension url="http://hl7.org/fhir/us/cqfmeasures/StructureDefinition/cqfm-directReferenceCode"><valueCoding><system value="http://smart.who.int/hiv/CodeSystem/HIVConcepts"/><code value="HIV.A.DE23"/><display value="Other"/></valueCoding></extension><extension url="http://hl7.org/fhir/us/cqfmeasures/StructureDefinition/cqfm-directReferenceCode"><valueCoding><system value="http://smart.who.int/hiv/CodeSystem/HIVConcepts"/><code value="HIV.B.DE49"/><display value="Key population member*"/></valueCoding></extension><extension url="http://hl7.org/fhir/us/cqfmeasures/StructureDefinition/cqfm-directReferenceCode"><valueCoding><system value="http://terminology.hl7.org/CodeSystem/observation-category"/><code value="social-history"/><display value="Social History"/></valueCoding></extension><extension url="http://hl7.org/fhir/us/cqfmeasures/StructureDefinition/cqfm-directReferenceCode"><valueCoding><system value="http://smart.who.int/hiv/CodeSystem/HIVConcepts"/><code value="HIV.B.DE116"/><display value="HIV-positive"/></valueCoding></extension><extension url="http://hl7.org/fhir/us/cqfmeasures/StructureDefinition/cqfm-directReferenceCode"><valueCoding><system value="http://terminology.hl7.org/CodeSystem/condition-clinical"/><code value="active"/></valueCoding></extension><extension url="http://hl7.org/fhir/us/cqfmeasures/StructureDefinition/cqfm-directReferenceCode"><valueCoding><system value="http://terminology.hl7.org/CodeSystem/condition-category"/><code value="encounter-diagnosis"/><display value="Encounter Diagnosis"/></valueCoding></extension><extension url="http://hl7.org/fhir/us/cqfmeasures/StructureDefinition/cqfm-directReferenceCode"><valueCoding><system value="http://smart.who.int/hiv/CodeSystem/HIVConcepts"/><code value="HIV.B.DE115"/><display value="HIV status"/></valueCoding></extension><extension url="http://hl7.org/fhir/us/cqfmeasures/StructureDefinition/cqfm-directReferenceCode"><valueCoding><system value="http://smart.who.int/hiv/CodeSystem/HIVConcepts"/><code value="HIV.H.DE47"/><display value="On ART"/></valueCoding></extension><extension url="http://hl7.org/fhir/us/cqfmeasures/StructureDefinition/cqfm-logicDefinition"><extension url="libraryName"><valueString value="HIVIND27Logic"/></extension><extension url="name"><valueString value="Initial Population"/></extension><extension url="statement"><valueString value="/*&#xA; * As defined by Member States&#xA; */&#xA;define &quot;Initial Population&quot;:&#xA;  true"/></extension><extension url="displaySequence"><valueInteger value="0"/></extension></extension><extension url="http://hl7.org/fhir/us/cqfmeasures/StructureDefinition/cqfm-logicDefinition"><extension url="libraryName"><valueString value="HIVIndicatorElements"/></extension><extension url="name"><valueString value="By Administrative Gender Stratifier"/></extension><extension url="statement"><valueString value="/* End of Age */&#xA;&#xA;&#xA;&#xA;&#xA;&#xA;&#xA;/*&#xA;@dataElement: HIV.A.DE18 - Gender&#xA;@activity: HIV.A6.1 Review sociodemographic data with client | HIV.A5 Create new client record&#xA;@description: Gender of the client&#xA;*/&#xA;&#xA;/*&#xA; * By Administrative Gender of Patient Stratifier&#xA; * Need to expand codes&#xA; */&#xA;&#xA;define &quot;By Administrative Gender Stratifier&quot;:&#xA;  case &#xA;      when Patient.gender = 'male' then Concepts.&quot;Male&quot;&#xA;      when Patient.gender = 'female' then Concepts.&quot;Female&quot;&#xA;      when Patient.gender = 'transgender female' then Concepts.&quot;Transgender female&quot;&#xA;      when Patient.gender = 'transgender male' then Concepts.&quot;Transgender male&quot;&#xA;      else Concepts.&quot;Other - HIV.A.DE23&quot;&#xA;  end"/></extension><extension url="displaySequence"><valueInteger value="1"/></extension></extension><extension url="http://hl7.org/fhir/us/cqfmeasures/StructureDefinition/cqfm-logicDefinition"><extension url="libraryName"><valueString value="HIVIndicatorElements"/></extension><extension url="name"><valueString value="Age In Years"/></extension><extension url="statement"><valueString value="/* End of Visit date A.DE3 */&#xA;&#xA;/*&#xA;@dataElement: HIV.A.DE17 - Age&#xA;@activity: HIV.A6.1 Review sociodemographic data with client | HIV.A5 Create new client record&#xA;@description: Calculated age (number of years) of the client based on date of birth&#xA;*/&#xA;define &quot;Age In Years&quot;:&#xA;  AgeInYearsAt(start of &quot;Measurement Period&quot;)"/></extension><extension url="displaySequence"><valueInteger value="2"/></extension></extension><extension url="http://hl7.org/fhir/us/cqfmeasures/StructureDefinition/cqfm-logicDefinition"><extension url="libraryName"><valueString value="HIVIndicatorElements"/></extension><extension url="name"><valueString value="By Age Stratifier"/></extension><extension url="statement"><valueString value="/*&#xA; * By Age Stratifiers&#xA; * (0–4, 5–9, 10–14, 15–19, 20–24, 25–29, 30–34, 35–39, 40–44, 45–49, 50+ years)&#xA; * &#xA; */&#xA;define &quot;By Age Stratifier&quot;:&#xA;  case &#xA;      when &quot;Age In Years&quot; &lt;= 4 then '0-4'&#xA;      when &quot;Age In Years&quot; &lt;= 9 then '5-9'&#xA;      when &quot;Age In Years&quot; &lt;= 14 then '10–14'&#xA;      when &quot;Age In Years&quot; &lt;= 19 then '15–19'&#xA;      when &quot;Age In Years&quot; &lt;= 24 then '20–24'&#xA;      when &quot;Age In Years&quot; &lt;= 29 then '25–29'&#xA;      when &quot;Age In Years&quot; &lt;= 34 then '30–34'&#xA;      when &quot;Age In Years&quot; &lt;= 39 then '35–39'&#xA;      when &quot;Age In Years&quot; &lt;= 44 then '40–44'&#xA;      when &quot;Age In Years&quot; &lt;= 49 then '45–49'&#xA;      when &quot;Age In Years&quot; &gt;= 50 then '50+'&#xA;      else null&#xA;  end"/></extension><extension url="displaySequence"><valueInteger value="3"/></extension></extension><extension url="http://hl7.org/fhir/us/cqfmeasures/StructureDefinition/cqfm-logicDefinition"><extension url="libraryName"><valueString value="HIVIndicatorElements"/></extension><extension url="name"><valueString value="By Geographic Region Stratifier"/></extension><extension url="statement"><valueString value="// Geographic Region&#xA;define &quot;By Geographic Region Stratifier&quot;:&#xA;    First(Patient.address A where A.use in { 'home' }).state"/></extension><extension url="displaySequence"><valueInteger value="4"/></extension></extension><extension url="http://hl7.org/fhir/us/cqfmeasures/StructureDefinition/cqfm-logicDefinition"><extension url="libraryName"><valueString value="HIVElements"/></extension><extension url="name"><valueString value="Key population member type Observation"/></extension><extension url="statement"><valueString value="/* End of Key population member B.DE49 */&#xA;&#xA;/*&#xA;@dataElement: HIV.B.DE50 - Key population member type&#xA;@activity: HIV.B6 Capture or update client history&#xA;@description: The type of key population that the client is included in&#xA;*/&#xA;define &quot;Key population member type Observation&quot;:&#xA;  [Observation: Concepts.&quot;Key population member - HIV.B.DE49&quot;] O&#xA;    where O.status in { 'final', 'amended', 'corrected' }&#xA;    and exists(O.category OC where OC ~ ConceptsCustom.&quot;social-history&quot;)"/></extension><extension url="displaySequence"><valueInteger value="5"/></extension></extension><extension url="http://hl7.org/fhir/us/cqfmeasures/StructureDefinition/cqfm-logicDefinition"><extension url="libraryName"><valueString value="HIVIndicatorElements"/></extension><extension url="name"><valueString value="Key population member type Observation"/></extension><extension url="statement"><valueString value="define &quot;Key population member type Observation&quot;:&#xA;  Elements.&quot;Key population member type Observation&quot; O&#xA;    where O.effective.toInterval() before end of &quot;Measurement Period&quot;&#xA;    or O.issued before end of &quot;Measurement Period&quot;"/></extension><extension url="displaySequence"><valueInteger value="6"/></extension></extension><extension url="http://hl7.org/fhir/us/cqfmeasures/StructureDefinition/cqfm-logicDefinition"><extension url="libraryName"><valueString value="HIVIndicatorElements"/></extension><extension url="name"><valueString value="patientGroups"/></extension><extension url="statement"><valueString value="// Stratifier&#xA;define patientGroups:&#xA;  &quot;Key population member type Observation&quot; O&#xA;  return Combine(O.code.coding.code, ':')"/></extension><extension url="displaySequence"><valueInteger value="7"/></extension></extension><extension url="http://hl7.org/fhir/us/cqfmeasures/StructureDefinition/cqfm-logicDefinition"><extension url="libraryName"><valueString value="HIVIND27Logic"/></extension><extension url="name"><valueString value="Stratification"/></extension><extension url="statement"><valueString value="define &quot;Stratification&quot;:&#xA; HIE.&quot;By Administrative Gender Stratifier&quot;.code &#xA;  + ':' + HIE.&quot;By Age Stratifier&quot;&#xA;+ ':' + HIE.&quot;By Geographic Region Stratifier&quot;&#xA;+ Combine(HIE.patientGroups, ':')"/></extension><extension url="displaySequence"><valueInteger value="8"/></extension></extension><extension url="http://hl7.org/fhir/us/cqfmeasures/StructureDefinition/cqfm-logicDefinition"><extension url="libraryName"><valueString value="HIVElements"/></extension><extension url="name"><valueString value="HIV Status Positive Condition"/></extension><extension url="statement"><valueString value="define &quot;HIV Status Positive Condition&quot;:&#xA;  [Condition: Concepts.&quot;HIV-positive - HIV.B.DE116&quot;] C&#xA;    where C.clinicalStatus ~ ConceptsCustom.&quot;active&quot;&#xA;      and exists(C.category CC where CC ~ ConceptsCustom.&quot;encounter-diagnosis&quot;)&#xA;    sort by start of onset.toInterval()"/></extension><extension url="displaySequence"><valueInteger value="9"/></extension></extension><extension url="http://hl7.org/fhir/us/cqfmeasures/StructureDefinition/cqfm-logicDefinition"><extension url="libraryName"><valueString value="HIVIndicatorElements"/></extension><extension url="name"><valueString value="HIV Status Positive Condition"/></extension><extension url="statement"><valueString value="define &quot;HIV Status Positive Condition&quot;:&#xA;  Elements.&quot;HIV Status Positive Condition&quot; C&#xA;  where C.onset before end of &quot;Measurement Period&quot;"/></extension><extension url="displaySequence"><valueInteger value="10"/></extension></extension><extension url="http://hl7.org/fhir/us/cqfmeasures/StructureDefinition/cqfm-logicDefinition"><extension url="libraryName"><valueString value="HIVElements"/></extension><extension url="name"><valueString value="HIV Status Observation"/></extension><extension url="statement"><valueString value="/* End of HIV-inconclusive */&#xA;&#xA;/*&#xA;@dataElement: HIV.B.DE115 - HIV status&#xA;@activity: HIV.B7 Test for HIV using testing algorithm&#xA;@description: HIV status reported after applying the national HIV testing algorithm. No single HIV test can provide an HIV-positive diagnosis.&#xA;*/&#xA;define &quot;HIV Status Observation&quot;:&#xA;  [Observation: Concepts.&quot;HIV status&quot;] O&#xA;    where O.status in { 'final', 'amended', 'corrected' }"/></extension><extension url="displaySequence"><valueInteger value="11"/></extension></extension><extension url="http://hl7.org/fhir/us/cqfmeasures/StructureDefinition/cqfm-logicDefinition"><extension url="libraryName"><valueString value="HIVElements"/></extension><extension url="name"><valueString value="HIV Status Positive Observation"/></extension><extension url="statement"><valueString value="define &quot;HIV Status Positive Observation&quot;:&#xA;&quot;HIV Status Observation&quot; O&#xA;    where O.value ~ Concepts.&quot;HIV-positive - HIV.B.DE116&quot;&#xA;      sort by start of effective.toInterval()"/></extension><extension url="displaySequence"><valueInteger value="12"/></extension></extension><extension url="http://hl7.org/fhir/us/cqfmeasures/StructureDefinition/cqfm-logicDefinition"><extension url="libraryName"><valueString value="HIVIndicatorElements"/></extension><extension url="name"><valueString value="HIV Status Positive Observation"/></extension><extension url="statement"><valueString value="define &quot;HIV Status Positive Observation&quot;:&#xA;  Elements.&quot;HIV Status Positive Observation&quot; O&#xA;  where O.issued before end of &quot;Measurement Period&quot;&#xA;  or O.effective.toInterval() starts before end of &quot;Measurement Period&quot;"/></extension><extension url="displaySequence"><valueInteger value="13"/></extension></extension><extension url="http://hl7.org/fhir/us/cqfmeasures/StructureDefinition/cqfm-logicDefinition"><extension url="libraryName"><valueString value="HIVIndicatorElements"/></extension><extension url="name"><valueString value="Has HIV-positive Status"/></extension><extension url="statement"><valueString value="define &quot;Has HIV-positive Status&quot;:&#xA;  exists &quot;HIV Status Positive Condition&quot;&#xA;  or exists &quot;HIV Status Positive Observation&quot;"/></extension><extension url="displaySequence"><valueInteger value="14"/></extension></extension><extension url="http://hl7.org/fhir/us/cqfmeasures/StructureDefinition/cqfm-logicDefinition"><extension url="libraryName"><valueString value="HIVElements"/></extension><extension url="name"><valueString value="On ART H.DE47"/></extension><extension url="statement"><valueString value="/* End of Refused stopped treatment */&#xA;&#xA;/*&#xA;@dataElement: HIV.H.DE47 - On ART&#xA;@activity: HIV.H3 Record outreach and result&#xA;@description: Client is currently taking ART &#xA;*/&#xA;&#xA;define &quot;On ART H.DE47&quot;:&#xA;    [MedicationStatement] MS&#xA;    where exists(MS.reasonCode C where C ~ Concepts.&quot;On ART - HIV.H.DE47&quot;)&#xA;    sort by start of effective.toInterval()"/></extension><extension url="displaySequence"><valueInteger value="15"/></extension></extension><extension url="http://hl7.org/fhir/us/cqfmeasures/StructureDefinition/cqfm-logicDefinition"><extension url="libraryName"><valueString value="HIVIndicatorElements"/></extension><extension url="name"><valueString value="On ART H.DE47"/></extension><extension url="statement"><valueString value="/* End of Refused stopped treatment */&#xA;&#xA;/*&#xA;@dataElement: HIV.H.DE47 - On ART&#xA;@activity: HIV.H3 Record outreach and result&#xA;@description: Client is currently taking ART &#xA;*/&#xA;define &quot;On ART H.DE47&quot;:&#xA;  exists(Elements.&quot;On ART H.DE47&quot; ART&#xA;   where ART.effective.toInterval() starts before end of &quot;Measurement Period&quot;&#xA;    and (ART.effective.toInterval() ends after start of &quot;Measurement Period&quot;)&#xA;   )"/></extension><extension url="displaySequence"><valueInteger value="16"/></extension></extension><extension url="http://hl7.org/fhir/us/cqfmeasures/StructureDefinition/cqfm-logicDefinition"><extension url="libraryName"><valueString value="HIVElements"/></extension><extension url="name"><valueString value="Death documented"/></extension><extension url="statement"><valueString value="/* End of Transferred out */&#xA;&#xA;/*&#xA;@dataElement: HIV.H.DE44 - Death documented&#xA;@activity: HIV.H3 Record outreach and result&#xA;@description: People living with HIV previously on ART who are confirmed to have died from any cause&#xA;*/&#xA;define &quot;Death documented&quot;:&#xA;  case &#xA;    when Patient.deceased is FHIR.boolean and Patient.deceased ~ true then Patient.meta.lastUpdated.value&#xA;    when Patient.deceased is FHIR.dateTime then Patient.deceased as FHIR.dateTime&#xA;    else null&#xA;  end"/></extension><extension url="displaySequence"><valueInteger value="17"/></extension></extension><extension url="http://hl7.org/fhir/us/cqfmeasures/StructureDefinition/cqfm-logicDefinition"><extension url="libraryName"><valueString value="HIVIndicatorElements"/></extension><extension url="name"><valueString value="Has death documented"/></extension><extension url="statement"><valueString value="/* End of Transferred out */&#xA;&#xA;/*&#xA;@dataElement: HIV.H.DE44 - Death documented&#xA;@activity: HIV.H3 Record outreach and result&#xA;@description: People living with HIV previously on ART who are confirmed to have died from any cause&#xA;*/&#xA;define &quot;Has death documented&quot;:&#xA;  Elements.&quot;Death documented&quot; before end of &quot;Measurement Period&quot;"/></extension><extension url="displaySequence"><valueInteger value="18"/></extension></extension><extension url="http://hl7.org/fhir/us/cqfmeasures/StructureDefinition/cqfm-logicDefinition"><extension url="libraryName"><valueString value="HIVElements"/></extension><extension url="name"><valueString value="Transferred out status"/></extension><extension url="statement"><valueString value="define &quot;Transferred out status&quot;:&#xA;    [EpisodeOfCare] EOC&#xA;    where exists(EOC.type T where T ~ Concepts.&quot;On ART - HIV.H.DE47&quot;)&#xA;      and EOC.status = 'finished'&#xA;    return EOC.period"/></extension><extension url="displaySequence"><valueInteger value="19"/></extension></extension><extension url="http://hl7.org/fhir/us/cqfmeasures/StructureDefinition/cqfm-logicDefinition"><extension url="libraryName"><valueString value="HIVElements"/></extension><extension url="name"><valueString value="Transferred out statusHistory"/></extension><extension url="statement"><valueString value="define &quot;Transferred out statusHistory&quot;:&#xA;    [EpisodeOfCare] EOC&#xA;    where exists(EOC.type T where T ~ Concepts.&quot;On ART - HIV.H.DE47&quot;) &#xA;    and (exists (&#xA;      EOC.statusHistory H&#xA;      where H.status = 'finished'&#xA;      and H.period is not null))"/></extension><extension url="displaySequence"><valueInteger value="20"/></extension></extension><extension url="http://hl7.org/fhir/us/cqfmeasures/StructureDefinition/cqfm-logicDefinition"><extension url="libraryName"><valueString value="HIVElements"/></extension><extension url="name"><valueString value="Transferred out"/></extension><extension url="statement"><valueString value="define &quot;Transferred out&quot;:&#xA;  flatten{&quot;Transferred out status&quot;,&quot;Transferred out statusHistory&quot;.statusHistory.period}"/></extension><extension url="displaySequence"><valueInteger value="21"/></extension></extension><extension url="http://hl7.org/fhir/us/cqfmeasures/StructureDefinition/cqfm-logicDefinition"><extension url="libraryName"><valueString value="HIVIndicatorElements"/></extension><extension url="name"><valueString value="Has transferred out"/></extension><extension url="statement"><valueString value="/* End of Lost to follow-up */&#xA;&#xA;/*&#xA;@dataElement: HIV.H.DE43 - Transferred out&#xA;@activity: HIV.H3 Record outreach and result&#xA;@description: The client transferred to another facility&#xA;*/&#xA;&#xA;define &quot;Has transferred out&quot;:&#xA;  exists(Elements.&quot;Transferred out&quot; t where t ends during &quot;Measurement Period&quot;)"/></extension><extension url="displaySequence"><valueInteger value="22"/></extension></extension><extension url="http://hl7.org/fhir/us/cqfmeasures/StructureDefinition/cqfm-logicDefinition"><extension url="libraryName"><valueString value="HIVConfig"/></extension><extension url="name"><valueString value="LTFU Days"/></extension><extension url="statement"><valueString value="define &quot;LTFU Days&quot;:&#xA;    28 days"/></extension><extension url="displaySequence"><valueInteger value="23"/></extension></extension><extension url="http://hl7.org/fhir/us/cqfmeasures/StructureDefinition/cqfm-logicDefinition"><extension url="libraryName"><valueString value="HIVIndicatorElements"/></extension><extension url="name"><valueString value="Lost to follow-up"/></extension><extension url="statement"><valueString value="/* End of HIV treatment outcome */&#xA;&#xA;/*&#xA;@dataElement: HIV.H.DE42 - Lost to follow-up&#xA;@activity: HIV.H3 Record outreach and result&#xA;@description: Twenty-eight days or more since last missed appointment &#xA;*/&#xA;define &quot;Lost to follow-up&quot;:&#xA;  Elements.&quot;On ART H.DE47&quot; H&#xA;   where H.effective starts before end of &quot;Measurement Period&quot;&#xA;    and H.effective ends after start of &quot;Measurement Period&quot;&#xA;&#x9;and not (H.effective ends after (end of &quot;Measurement Period&quot; - Config.&quot;LTFU Days&quot;))"/></extension><extension url="displaySequence"><valueInteger value="24"/></extension></extension><extension url="http://hl7.org/fhir/us/cqfmeasures/StructureDefinition/cqfm-logicDefinition"><extension url="libraryName"><valueString value="HIVIndicatorElements"/></extension><extension url="name"><valueString value="Is lost to follow-up"/></extension><extension url="statement"><valueString value="define &quot;Is lost to follow-up&quot;:&#xA;  exists(&quot;Lost to follow-up&quot;)"/></extension><extension url="displaySequence"><valueInteger value="25"/></extension></extension><extension url="http://hl7.org/fhir/us/cqfmeasures/StructureDefinition/cqfm-logicDefinition"><extension url="libraryName"><valueString value="HIVIND27Logic"/></extension><extension url="name"><valueString value="Measure Population"/></extension><extension url="statement"><valueString value="/*&#xA;* Many indicator specifications in ANC and Immunization have context as patient. &#xA;* I believe these should be unfiltered to get all observations not just those related to a current patient&#xA;* Should discuss.&#xA;*/&#xA;&#xA;define &quot;Measure Population&quot;:&#xA;   HIE.&quot;Has HIV-positive Status&quot;&#xA;   and HIE.&quot;On ART H.DE47&quot;&#xA;   and not HIE.&quot;Has death documented&quot;&#xA;   and not HIE.&quot;Has transferred out&quot;&#xA;   and not HIE.&quot;Is lost to follow-up&quot;"/></extension><extension url="displaySequence"><valueInteger value="26"/></extension></extension><extension url="http://hl7.org/fhir/us/cqfmeasures/StructureDefinition/cqfm-logicDefinition"><extension url="libraryName"><valueString value="FHIRHelpers"/></extension><extension url="name"><valueString value="ToString"/></extension><extension url="statement"><valueString value="define function ToString(value AdministrativeGender): value.value"/></extension><extension url="displaySequence"><valueInteger value="27"/></extension></extension><extension url="http://hl7.org/fhir/us/cqfmeasures/StructureDefinition/cqfm-logicDefinition"><extension url="libraryName"><valueString value="FHIRHelpers"/></extension><extension url="name"><valueString value="ToString"/></extension><extension url="statement"><valueString value="define function ToString(value string): value.value"/></extension><extension url="displaySequence"><valueInteger value="28"/></extension></extension><extension url="http://hl7.org/fhir/us/cqfmeasures/StructureDefinition/cqfm-logicDefinition"><extension url="libraryName"><valueString value="FHIRHelpers"/></extension><extension url="name"><valueString value="ToString"/></extension><extension url="statement"><valueString value="define function ToString(value AddressUse): value.value"/></extension><extension url="displaySequence"><valueInteger value="29"/></extension></extension><extension url="http://hl7.org/fhir/us/cqfmeasures/StructureDefinition/cqfm-logicDefinition"><extension url="libraryName"><valueString value="FHIRHelpers"/></extension><extension url="name"><valueString value="ToString"/></extension><extension url="statement"><valueString value="define function ToString(value ObservationStatus): value.value"/></extension><extension url="displaySequence"><valueInteger value="30"/></extension></extension><extension url="http://hl7.org/fhir/us/cqfmeasures/StructureDefinition/cqfm-logicDefinition"><extension url="libraryName"><valueString value="FHIRHelpers"/></extension><extension url="name"><valueString value="ToConcept"/></extension><extension url="statement"><valueString value="define function ToConcept(concept FHIR.CodeableConcept):&#xA;    if concept is null then&#xA;        null&#xA;    else&#xA;        System.Concept {&#xA;            codes: concept.coding C return ToCode(C),&#xA;            display: concept.text.value&#xA;        }"/></extension><extension url="displaySequence"><valueInteger value="31"/></extension></extension><extension url="http://hl7.org/fhir/us/cqfmeasures/StructureDefinition/cqfm-logicDefinition"><extension url="libraryName"><valueString value="FHIRHelpers"/></extension><extension url="name"><valueString value="ToDateTime"/></extension><extension url="statement"><valueString value="define function ToDateTime(value instant): value.value"/></extension><extension url="displaySequence"><valueInteger value="32"/></extension></extension><extension url="http://hl7.org/fhir/us/cqfmeasures/StructureDefinition/cqfm-logicDefinition"><extension url="libraryName"><valueString value="FHIRHelpers"/></extension><extension url="name"><valueString value="ToDateTime"/></extension><extension url="statement"><valueString value="define function ToDateTime(value dateTime): value.value"/></extension><extension url="displaySequence"><valueInteger value="33"/></extension></extension><extension url="http://hl7.org/fhir/us/cqfmeasures/StructureDefinition/cqfm-logicDefinition"><extension url="libraryName"><valueString value="FHIRHelpers"/></extension><extension url="name"><valueString value="ToBoolean"/></extension><extension url="statement"><valueString value="define function ToBoolean(value boolean): value.value"/></extension><extension url="displaySequence"><valueInteger value="34"/></extension></extension><extension url="http://hl7.org/fhir/us/cqfmeasures/StructureDefinition/cqfm-logicDefinition"><extension url="libraryName"><valueString value="FHIRHelpers"/></extension><extension url="name"><valueString value="ToString"/></extension><extension url="statement"><valueString value="define function ToString(value EpisodeOfCareStatus): value.value"/></extension><extension url="displaySequence"><valueInteger value="35"/></extension></extension><extension url="http://hl7.org/fhir/us/cqfmeasures/StructureDefinition/cqfm-logicDefinition"><extension url="libraryName"><valueString value="FHIRHelpers"/></extension><extension url="name"><valueString value="ToInterval"/></extension><extension url="statement"><valueString value="define function ToInterval(period FHIR.Period):&#xA;    if period is null then&#xA;        null&#xA;    else&#xA;        if period.&quot;start&quot; is null then&#xA;            Interval(period.&quot;start&quot;.value, period.&quot;end&quot;.value]&#xA;        else&#xA;            Interval[period.&quot;start&quot;.value, period.&quot;end&quot;.value]"/></extension><extension url="displaySequence"><valueInteger value="36"/></extension></extension><extension url="http://hl7.org/fhir/us/cqfmeasures/StructureDefinition/cqfm-logicDefinition"><extension url="libraryName"><valueString value="HIVIND27Logic"/></extension><extension url="name"><valueString value="Measure Observation"/></extension><extension url="statement"><valueString value="/*&#xA; * NOTE: Modeled as a Continuous Variable measure because this is an estimated denominator proportion measure&#xA; */&#xA;&#xA;define function &quot;Measure Observation&quot;(Patient &quot;Patient&quot;):&#xA;  1"/></extension><extension url="displaySequence"><valueInteger value="37"/></extension></extension><name value="EffectiveDataRequirements"/><status value="active"/><type><coding><system value="http://terminology.hl7.org/CodeSystem/library-type"/><code value="module-definition"/></coding></type><relatedArtifact><type value="depends-on"/><display value="Library HIE"/><resource value="Library/HIVIndicatorElements"/></relatedArtifact><relatedArtifact><type value="depends-on"/><display value="Library FHIRHelpers"/><resource value="Library/FHIRHelpers|4.0.1"/></relatedArtifact><relatedArtifact><type value="depends-on"/><display value="Library Concepts"/><resource value="Library/HIVConcepts"/></relatedArtifact><relatedArtifact><type value="depends-on"/><display value="Library FHIRHelpers"/><resource value="Library/FHIRHelpers|4.0.1"/></relatedArtifact><relatedArtifact><type value="depends-on"/><display value="Library Elements"/><resource value="Library/HIVElements"/></relatedArtifact><relatedArtifact><type value="depends-on"/><display value="Library Concepts"/><resource value="Library/HIVConcepts"/></relatedArtifact><relatedArtifact><type value="depends-on"/><display value="Library FHIRHelpers"/><resource value="Library/FHIRHelpers|4.0.1"/></relatedArtifact><relatedArtifact><type value="depends-on"/><display value="Library ConceptsCustom"/><resource value="Library/HIVConceptsCustom"/></relatedArtifact><relatedArtifact><type value="depends-on"/><display value="Library WC"/><resource value="Library/WHOCommon"/></relatedArtifact><relatedArtifact><type value="depends-on"/><display value="Library WC"/><resource value="Library/WHOCommon"/></relatedArtifact><relatedArtifact><type value="depends-on"/><display value="Library Config"/><resource value="Library/HIVConfig"/></relatedArtifact><relatedArtifact><type value="depends-on"/><display value="Code system HIVConcepts"/><resource value="http://smart.who.int/hiv/CodeSystem/HIVConcepts"/></relatedArtifact><relatedArtifact><type value="depends-on"/><display value="Code system ObservationCategoryCodes"/><resource value="http://terminology.hl7.org/CodeSystem/observation-category"/></relatedArtifact><relatedArtifact><type value="depends-on"/><display value="Code system ConditionClinicalStatusCodes"/><resource value="http://terminology.hl7.org/CodeSystem/condition-clinical"/></relatedArtifact><relatedArtifact><type value="depends-on"/><display value="Code system ConditionCategoryCodes"/><resource value="http://terminology.hl7.org/CodeSystem/condition-category"/></relatedArtifact><parameter><name value="Measurement Period"/><use value="in"/><min value="0"/><max value="1"/><type value="Period"/></parameter><parameter><name value="Initial Population"/><use value="out"/><min value="0"/><max value="1"/><type value="boolean"/></parameter><parameter><name value="Stratification"/><use value="out"/><min value="0"/><max value="1"/><type value="string"/></parameter><parameter><name value="Measure Population"/><use value="out"/><min value="0"/><max value="1"/><type value="boolean"/></parameter><dataRequirement><type value="Patient"/><profile value="http://hl7.org/fhir/StructureDefinition/Patient"/></dataRequirement><dataRequirement><type value="Patient"/><profile value="http://hl7.org/fhir/StructureDefinition/Patient"/><mustSupport value="use"/></dataRequirement><dataRequirement><type value="Observation"/><profile value="http://hl7.org/fhir/StructureDefinition/Observation"/><mustSupport value="code"/><mustSupport value="status"/><mustSupport value="category"/><codeFilter><path value="code"/><code><system value="http://smart.who.int/hiv/CodeSystem/HIVConcepts"/><code value="HIV.B.DE49"/><display value="Key population member*"/></code></codeFilter></dataRequirement><dataRequirement><type value="Observation"/><profile value="http://hl7.org/fhir/StructureDefinition/Observation"/><mustSupport value="code"/><mustSupport value="status"/><mustSupport value="category"/><mustSupport value="effective"/><mustSupport value="issued"/><codeFilter><path value="code"/><code><system value="http://smart.who.int/hiv/CodeSystem/HIVConcepts"/><code value="HIV.B.DE49"/><display value="Key population member*"/></code></codeFilter></dataRequirement><dataRequirement><type value="Observation"/><profile value="http://hl7.org/fhir/StructureDefinition/Observation"/><mustSupport value="code"/><mustSupport value="status"/><mustSupport value="category"/><mustSupport value="effective"/><mustSupport value="issued"/><mustSupport value="code.coding"/><codeFilter><path value="code"/><code><system value="http://smart.who.int/hiv/CodeSystem/HIVConcepts"/><code value="HIV.B.DE49"/><display value="Key population member*"/></code></codeFilter></dataRequirement><dataRequirement><type value="Condition"/><profile value="http://hl7.org/fhir/StructureDefinition/Condition"/><mustSupport value="code"/><mustSupport value="clinicalStatus"/><mustSupport value="category"/><codeFilter><path value="code"/><code><system value="http://smart.who.int/hiv/CodeSystem/HIVConcepts"/><code value="HIV.B.DE116"/><display value="HIV-positive"/></code></codeFilter></dataRequirement><dataRequirement><type value="Condition"/><profile value="http://hl7.org/fhir/StructureDefinition/Condition"/><mustSupport value="code"/><mustSupport value="clinicalStatus"/><mustSupport value="category"/><mustSupport value="onset"/><codeFilter><path value="code"/><code><system value="http://smart.who.int/hiv/CodeSystem/HIVConcepts"/><code value="HIV.B.DE116"/><display value="HIV-positive"/></code></codeFilter></dataRequirement><dataRequirement><type value="Observation"/><profile value="http://hl7.org/fhir/StructureDefinition/Observation"/><mustSupport value="code"/><mustSupport value="status"/><codeFilter><path value="code"/><code><system value="http://smart.who.int/hiv/CodeSystem/HIVConcepts"/><code value="HIV.B.DE115"/><display value="HIV status"/></code></codeFilter></dataRequirement><dataRequirement><type value="Observation"/><profile value="http://hl7.org/fhir/StructureDefinition/Observation"/><mustSupport value="code"/><mustSupport value="status"/><mustSupport value="value"/><codeFilter><path value="code"/><code><system value="http://smart.who.int/hiv/CodeSystem/HIVConcepts"/><code value="HIV.B.DE115"/><display value="HIV status"/></code></codeFilter></dataRequirement><dataRequirement><type value="Observation"/><profile value="http://hl7.org/fhir/StructureDefinition/Observation"/><mustSupport value="code"/><mustSupport value="status"/><mustSupport value="value"/><mustSupport value="issued"/><mustSupport value="effective"/><codeFilter><path value="code"/><code><system value="http://smart.who.int/hiv/CodeSystem/HIVConcepts"/><code value="HIV.B.DE115"/><display value="HIV status"/></code></codeFilter></dataRequirement><dataRequirement><type value="MedicationStatement"/><profile value="http://hl7.org/fhir/StructureDefinition/MedicationStatement"/><mustSupport value="reasonCode"/></dataRequirement><dataRequirement><type value="MedicationStatement"/><profile value="http://hl7.org/fhir/StructureDefinition/MedicationStatement"/><mustSupport value="reasonCode"/><mustSupport value="effective"/></dataRequirement><dataRequirement><type value="Patient"/><profile value="http://hl7.org/fhir/StructureDefinition/Patient"/></dataRequirement><dataRequirement><type value="EpisodeOfCare"/><profile value="http://hl7.org/fhir/StructureDefinition/EpisodeOfCare"/><mustSupport value="type"/><mustSupport value="status"/><mustSupport value="period"/></dataRequirement><dataRequirement><type value="EpisodeOfCare"/><profile value="http://hl7.org/fhir/StructureDefinition/EpisodeOfCare"/><mustSupport value="type"/><mustSupport value="statusHistory"/></dataRequirement><dataRequirement><type value="EpisodeOfCare"/><profile value="http://hl7.org/fhir/StructureDefinition/EpisodeOfCare"/><mustSupport value="type"/><mustSupport value="statusHistory"/></dataRequirement><dataRequirement><type value="EpisodeOfCare"/><profile value="http://hl7.org/fhir/StructureDefinition/EpisodeOfCare"/><mustSupport value="type"/><mustSupport value="statusHistory"/><mustSupport value="period"/></dataRequirement><dataRequirement><type value="MedicationStatement"/><profile value="http://hl7.org/fhir/StructureDefinition/MedicationStatement"/><mustSupport value="reasonCode"/><mustSupport value="effective"/></dataRequirement><dataRequirement><type value="EpisodeOfCare"/><profile value="http://hl7.org/fhir/StructureDefinition/EpisodeOfCare"/><mustSupport value="type"/><mustSupport value="status"/><mustSupport value="period"/></dataRequirement><dataRequirement><type value="MedicationStatement"/><profile value="http://hl7.org/fhir/StructureDefinition/MedicationStatement"/><mustSupport value="reasonCode"/><mustSupport value="effective"/></dataRequirement></Library></contained><extension url="http://hl7.org/fhir/us/cqfmeasures/StructureDefinition/cqfm-populationBasis"><valueCode value="boolean"/></extension><extension url="http://hl7.org/fhir/us/cqfmeasures/StructureDefinition/cqfm-softwaresystem"><valueReference><reference value="Device/cqf-tooling"/></valueReference></extension><extension id="effective-data-requirements" url="http://hl7.org/fhir/us/cqfmeasures/StructureDefinition/cqfm-effectiveDataRequirements"><valueReference><reference value="#effective-data-requirements"/></valueReference></extension><url value="http://smart.who.int/hiv/Measure/HIVIND27"/><version value="0.1.0"/><name value="HIVIND27"/><title value="HIV.IND.27 People living with HIV on ART"/><status value="draft"/><experimental value="true"/><date value="2024-09-16"/><publisher value="intellisoftkenya"/><contact><name value="intellisoftkenya"/><telecom><system value="url"/><value value="https://www.intellisoftkenya.com/"/></telecom></contact><description value="Number and % of people on ART among all people living with HIV at the end of the reporting period"/><library value="https://IntelliSOFT-Consulting.github.io/HIV-FHIR-IG/Library/HIVIND27Logic"/><scoring><coding><system value="http://terminology.hl7.org/CodeSystem/measure-scoring"/><code value="continuous-variable"/><display value="Continuous Variable"/></coding></scoring><group><population id="HIV.IND.27.IP"><code><coding><system value="http://terminology.hl7.org/CodeSystem/measure-population"/><code value="initial-population"/><display value="Initial Population"/></coding></code><description value="Initial Population"/><criteria><language value="text/cql"/><expression value="Initial Population"/></criteria></population><population id="HIV.IND.27.MP"><extension url="http://hl7.org/fhir/us/cqfmeasures/StructureDefinition/cqfm-populationBasis"><valueCode value="boolean"/></extension><code><coding><system value="http://terminology.hl7.org/CodeSystem/measure-population"/><code value="measure-population"/><display value="Measure Population"/></coding></code><description value="Measure Population"/><criteria><language value="text/cql"/><expression value="Measure Population"/></criteria></population><population id="HIV.IND.27.MO"><extension url="http://hl7.org/fhir/us/cqfmeasures/StructureDefinition/cqfm-criteriaReference"><valueString value="measure-population"/></extension><extension url="http://hl7.org/fhir/us/cqfmeasures/StructureDefinition/cqfm-aggregateMethod"><valueCode value="count"/></extension><code><coding><system value="http://terminology.hl7.org/CodeSystem/measure-population"/><code value="measure-observation"/><display value="Measure Observation"/></coding></code><description value="Measure Observation"/><criteria><language value="text/cql"/><expression value="Measure Observation"/></criteria></population><stratifier id="HIV.IND.27.S"><criteria><language value="text/cql"/><expression value="Stratification"/></criteria></stratifier></group></Measure>