{
  "resourceType" : "Device",
  "id" : "cqf-tooling",
  "meta" : {
    "profile" : ["http://hl7.org/fhir/us/cqfmeasures/StructureDefinition/device-softwaresystem-cqfm"]
  },
  "text" : {
    "status" : "generated",
    "div" : "<div xmlns=\"http://www.w3.org/1999/xhtml\"><p class=\"res-header-id\"><b>Generated Narrative: Device cqf-tooling</b></p><a name=\"cqf-tooling\"> </a><a name=\"hccqf-tooling\"> </a><a name=\"cqf-tooling-en-US\"> </a><p><b>manufacturer</b>: CQFramework</p><h3>DeviceNames</h3><table class=\"grid\"><tr><td style=\"display: none\">-</td><td><b>Name</b></td><td><b>Type</b></td></tr><tr><td style=\"display: none\">*</td><td>cqf-tooling</td><td>Manufacturer name</td></tr></table><p><b>type</b>: <span title=\"Codes:{http://hl7.org/fhir/us/cqfmeasures/CodeSystem/software-system-type tooling}\">tooling</span></p><h3>Versions</h3><table class=\"grid\"><tr><td style=\"display: none\">-</td><td><b>Value</b></td></tr><tr><td style=\"display: none\">*</td><td>3.6.0</td></tr></table></div>"
  },
  "manufacturer" : "CQFramework",
  "deviceName" : [{
    "name" : "cqf-tooling",
    "type" : "manufacturer-name"
  }],
  "type" : {
    "coding" : [{
      "system" : "http://hl7.org/fhir/us/cqfmeasures/CodeSystem/software-system-type",
      "code" : "tooling"
    }]
  },
  "version" : [{
    "value" : "3.6.0"
  }]
}