{
   "library" : {
      "localId" : "0",
      "annotation" : [ {
         "translatorVersion" : "3.11.0",
         "translatorOptions" : "EnableAnnotations,EnableLocators,DisableListDemotion,DisableListPromotion",
         "signatureLevel" : "All",
         "type" : "CqlToElmInfo"
      }, {
         "type" : "Annotation",
         "s" : {
            "r" : "223",
            "s" : [ {
               "value" : [ "","library WHOEncounterElements" ]
            } ]
         }
      } ],
      "identifier" : {
         "id" : "WHOEncounterElements",
         "system" : "https://IntelliSOFT-Consulting.github.io/HIV-FHIR-IG"
      },
      "schemaIdentifier" : {
         "id" : "urn:hl7-org:elm",
         "version" : "r1"
      },
      "usings" : {
         "def" : [ {
            "localId" : "1",
            "localIdentifier" : "System",
            "uri" : "urn:hl7-org:elm-types:r1"
         }, {
            "localId" : "206",
            "locator" : "3:1-3:26",
            "localIdentifier" : "FHIR",
            "uri" : "http://hl7.org/fhir",
            "version" : "4.0.1",
            "annotation" : [ {
               "type" : "Annotation",
               "s" : {
                  "r" : "206",
                  "s" : [ {
                     "value" : [ "","using " ]
                  }, {
                     "s" : [ {
                        "value" : [ "FHIR" ]
                     } ]
                  }, {
                     "value" : [ " version '4.0.1'" ]
                  } ]
               }
            } ]
         } ]
      },
      "includes" : {
         "def" : [ {
            "localId" : "207",
            "locator" : "5:1-5:35",
            "localIdentifier" : "FHIRHelpers",
            "path" : "https://IntelliSOFT-Consulting.github.io/HIV-FHIR-IG/FHIRHelpers",
            "version" : "4.0.1",
            "annotation" : [ {
               "type" : "Annotation",
               "s" : {
                  "r" : "207",
                  "s" : [ {
                     "value" : [ "","include " ]
                  }, {
                     "s" : [ {
                        "value" : [ "FHIRHelpers" ]
                     } ]
                  }, {
                     "value" : [ " version ","'4.0.1'" ]
                  } ]
               }
            } ]
         }, {
            "localId" : "208",
            "locator" : "7:1-7:35",
            "localIdentifier" : "Concepts",
            "path" : "https://IntelliSOFT-Consulting.github.io/HIV-FHIR-IG/WHOConcepts",
            "annotation" : [ {
               "type" : "Annotation",
               "s" : {
                  "r" : "208",
                  "s" : [ {
                     "value" : [ "","include " ]
                  }, {
                     "s" : [ {
                        "value" : [ "WHOConcepts" ]
                     } ]
                  }, {
                     "value" : [ " called ","Concepts" ]
                  } ]
               }
            } ]
         }, {
            "localId" : "209",
            "locator" : "8:1-8:31",
            "localIdentifier" : "Common",
            "path" : "https://IntelliSOFT-Consulting.github.io/HIV-FHIR-IG/WHOCommon",
            "annotation" : [ {
               "type" : "Annotation",
               "s" : {
                  "r" : "209",
                  "s" : [ {
                     "value" : [ "","include " ]
                  }, {
                     "s" : [ {
                        "value" : [ "WHOCommon" ]
                     } ]
                  }, {
                     "value" : [ " called ","Common" ]
                  } ]
               }
            } ]
         }, {
            "localId" : "210",
            "locator" : "9:1-9:35",
            "localIdentifier" : "Elements",
            "path" : "https://IntelliSOFT-Consulting.github.io/HIV-FHIR-IG/WHOElements",
            "annotation" : [ {
               "type" : "Annotation",
               "s" : {
                  "r" : "210",
                  "s" : [ {
                     "value" : [ "","include " ]
                  }, {
                     "s" : [ {
                        "value" : [ "WHOElements" ]
                     } ]
                  }, {
                     "value" : [ " called ","Elements" ]
                  } ]
               }
            } ]
         } ]
      },
      "parameters" : {
         "def" : [ {
            "localId" : "211",
            "locator" : "11:1-11:35",
            "name" : "AsOf",
            "accessLevel" : "Public",
            "annotation" : [ {
               "type" : "Annotation",
               "s" : {
                  "r" : "211",
                  "s" : [ {
                     "value" : [ "","parameter ","AsOf"," " ]
                  }, {
                     "r" : "215",
                     "s" : [ {
                        "value" : [ "Date" ]
                     } ]
                  }, {
                     "value" : [ " default " ]
                  }, {
                     "r" : "214",
                     "s" : [ {
                        "value" : [ "Today","()" ]
                     } ]
                  } ]
               }
            } ],
            "default" : {
               "localId" : "214",
               "locator" : "11:29-11:35",
               "type" : "Today",
               "signature" : [ ]
            },
            "parameterTypeSpecifier" : {
               "localId" : "215",
               "locator" : "11:16-11:19",
               "name" : "{urn:hl7-org:elm-types:r1}Date",
               "type" : "NamedTypeSpecifier"
            }
         }, {
            "localId" : "216",
            "locator" : "12:1-12:28",
            "name" : "EncounterId",
            "accessLevel" : "Public",
            "annotation" : [ {
               "type" : "Annotation",
               "s" : {
                  "r" : "216",
                  "s" : [ {
                     "value" : [ "","parameter ","EncounterId"," " ]
                  }, {
                     "r" : "217",
                     "s" : [ {
                        "value" : [ "String" ]
                     } ]
                  } ]
               }
            } ],
            "parameterTypeSpecifier" : {
               "localId" : "217",
               "locator" : "12:23-12:28",
               "name" : "{urn:hl7-org:elm-types:r1}String",
               "type" : "NamedTypeSpecifier"
            }
         } ]
      },
      "contexts" : {
         "def" : [ {
            "localId" : "221",
            "locator" : "14:1-14:15",
            "name" : "Patient"
         } ]
      },
      "statements" : {
         "def" : [ {
            "localId" : "219",
            "locator" : "14:1-14:15",
            "name" : "Patient",
            "context" : "Patient",
            "expression" : {
               "localId" : "220",
               "type" : "SingletonFrom",
               "signature" : [ ],
               "operand" : {
                  "localId" : "218",
                  "locator" : "14:1-14:15",
                  "dataType" : "{http://hl7.org/fhir}Patient",
                  "templateId" : "http://hl7.org/fhir/StructureDefinition/Patient",
                  "type" : "Retrieve",
                  "include" : [ ],
                  "codeFilter" : [ ],
                  "dateFilter" : [ ],
                  "otherFilter" : [ ]
               }
            }
         }, {
            "localId" : "223",
            "locator" : "16:1-19:74",
            "name" : "Pregnant Observation",
            "context" : "Patient",
            "accessLevel" : "Public",
            "annotation" : [ {
               "type" : "Annotation",
               "s" : {
                  "r" : "223",
                  "s" : [ {
                     "value" : [ "","define ","\"Pregnant Observation\"",":\n  " ]
                  }, {
                     "r" : "261",
                     "s" : [ {
                        "s" : [ {
                           "r" : "224",
                           "s" : [ {
                              "r" : "226",
                              "s" : [ {
                                 "s" : [ {
                                    "value" : [ "Elements",".","\"Pregnant Observation\"" ]
                                 } ]
                              } ]
                           }, {
                              "value" : [ " ","O" ]
                           } ]
                        } ]
                     }, {
                        "value" : [ "\n    " ]
                     }, {
                        "r" : "227",
                        "s" : [ {
                           "value" : [ "where " ]
                        }, {
                           "r" : "227",
                           "s" : [ {
                              "r" : "231",
                              "s" : [ {
                                 "r" : "229",
                                 "s" : [ {
                                    "r" : "228",
                                    "s" : [ {
                                       "value" : [ "O" ]
                                    } ]
                                 }, {
                                    "value" : [ "." ]
                                 }, {
                                    "r" : "229",
                                    "s" : [ {
                                       "value" : [ "encounter" ]
                                    } ]
                                 } ]
                              }, {
                                 "value" : [ "." ]
                              }, {
                                 "r" : "231",
                                 "s" : [ {
                                    "value" : [ "references","(" ]
                                 }, {
                                    "r" : "230",
                                    "s" : [ {
                                       "value" : [ "EncounterId" ]
                                    } ]
                                 }, {
                                    "value" : [ ")" ]
                                 } ]
                              } ]
                           }, {
                              "value" : [ "\n      or " ]
                           }, {
                              "r" : "253",
                              "s" : [ {
                                 "r" : "236",
                                 "s" : [ {
                                    "r" : "235",
                                    "s" : [ {
                                       "r" : "234",
                                       "s" : [ {
                                          "value" : [ "O" ]
                                       } ]
                                    }, {
                                       "value" : [ "." ]
                                    }, {
                                       "r" : "235",
                                       "s" : [ {
                                          "value" : [ "effective" ]
                                       } ]
                                    } ]
                                 }, {
                                    "value" : [ "." ]
                                 }, {
                                    "r" : "236",
                                    "s" : [ {
                                       "value" : [ "toInterval","()" ]
                                    } ]
                                 } ]
                              }, {
                                 "value" : [ " " ]
                              }, {
                                 "r" : "253",
                                 "s" : [ {
                                    "value" : [ "starts " ]
                                 }, {
                                    "r" : "249",
                                    "s" : [ {
                                       "value" : [ "9 ","months" ]
                                    } ]
                                 }, {
                                    "value" : [ " on or before day of" ]
                                 } ]
                              }, {
                                 "value" : [ " " ]
                              }, {
                                 "r" : "245",
                                 "s" : [ {
                                    "value" : [ "AsOf" ]
                                 } ]
                              } ]
                           } ]
                        } ]
                     } ]
                  } ]
               }
            } ],
            "expression" : {
               "localId" : "261",
               "locator" : "17:3-19:74",
               "type" : "Query",
               "source" : [ {
                  "localId" : "224",
                  "locator" : "17:3-17:35",
                  "alias" : "O",
                  "expression" : {
                     "localId" : "226",
                     "locator" : "17:3-17:33",
                     "name" : "Pregnant Observation",
                     "libraryName" : "Elements",
                     "type" : "ExpressionRef"
                  }
               } ],
               "let" : [ ],
               "relationship" : [ ],
               "where" : {
                  "localId" : "227",
                  "locator" : "18:5-19:74",
                  "type" : "Or",
                  "signature" : [ {
                     "localId" : "259",
                     "name" : "{urn:hl7-org:elm-types:r1}Boolean",
                     "type" : "NamedTypeSpecifier"
                  }, {
                     "localId" : "260",
                     "name" : "{urn:hl7-org:elm-types:r1}Boolean",
                     "type" : "NamedTypeSpecifier"
                  } ],
                  "operand" : [ {
                     "localId" : "231",
                     "locator" : "18:11-18:45",
                     "name" : "references",
                     "libraryName" : "Common",
                     "type" : "FunctionRef",
                     "signature" : [ {
                        "localId" : "232",
                        "name" : "{http://hl7.org/fhir}Reference",
                        "type" : "NamedTypeSpecifier"
                     }, {
                        "localId" : "233",
                        "name" : "{urn:hl7-org:elm-types:r1}String",
                        "type" : "NamedTypeSpecifier"
                     } ],
                     "operand" : [ {
                        "localId" : "229",
                        "locator" : "18:11-18:21",
                        "path" : "encounter",
                        "scope" : "O",
                        "type" : "Property"
                     }, {
                        "localId" : "230",
                        "locator" : "18:34-18:44",
                        "name" : "EncounterId",
                        "type" : "ParameterRef"
                     } ]
                  }, {
                     "localId" : "253",
                     "locator" : "19:10-19:74",
                     "precision" : "Day",
                     "type" : "SameAs",
                     "signature" : [ {
                        "localId" : "257",
                        "name" : "{urn:hl7-org:elm-types:r1}DateTime",
                        "type" : "NamedTypeSpecifier"
                     }, {
                        "localId" : "258",
                        "name" : "{urn:hl7-org:elm-types:r1}DateTime",
                        "type" : "NamedTypeSpecifier"
                     } ],
                     "operand" : [ {
                        "localId" : "246",
                        "locator" : "19:35-19:40",
                        "type" : "Start",
                        "signature" : [ {
                           "localId" : "247",
                           "type" : "IntervalTypeSpecifier",
                           "pointType" : {
                              "localId" : "248",
                              "name" : "{urn:hl7-org:elm-types:r1}DateTime",
                              "type" : "NamedTypeSpecifier"
                           }
                        } ],
                        "operand" : {
                           "localId" : "236",
                           "locator" : "19:10-19:33",
                           "name" : "toInterval",
                           "libraryName" : "Common",
                           "type" : "FunctionRef",
                           "signature" : [ {
                              "localId" : "237",
                              "type" : "ChoiceTypeSpecifier",
                              "type" : [ ],
                              "choice" : [ {
                                 "localId" : "238",
                                 "name" : "{http://hl7.org/fhir}dateTime",
                                 "type" : "NamedTypeSpecifier"
                              }, {
                                 "localId" : "239",
                                 "name" : "{http://hl7.org/fhir}Period",
                                 "type" : "NamedTypeSpecifier"
                              }, {
                                 "localId" : "240",
                                 "name" : "{http://hl7.org/fhir}Timing",
                                 "type" : "NamedTypeSpecifier"
                              }, {
                                 "localId" : "241",
                                 "name" : "{http://hl7.org/fhir}instant",
                                 "type" : "NamedTypeSpecifier"
                              }, {
                                 "localId" : "242",
                                 "name" : "{http://hl7.org/fhir}string",
                                 "type" : "NamedTypeSpecifier"
                              }, {
                                 "localId" : "243",
                                 "name" : "{http://hl7.org/fhir}Age",
                                 "type" : "NamedTypeSpecifier"
                              }, {
                                 "localId" : "244",
                                 "name" : "{http://hl7.org/fhir}Range",
                                 "type" : "NamedTypeSpecifier"
                              } ]
                           } ],
                           "operand" : [ {
                              "localId" : "235",
                              "locator" : "19:10-19:20",
                              "path" : "effective",
                              "scope" : "O",
                              "type" : "Property"
                           } ]
                        }
                     }, {
                        "localId" : "255",
                        "type" : "ToDateTime",
                        "signature" : [ {
                           "localId" : "256",
                           "name" : "{urn:hl7-org:elm-types:r1}Date",
                           "type" : "NamedTypeSpecifier"
                        } ],
                        "operand" : {
                           "localId" : "250",
                           "locator" : "19:71-19:74",
                           "type" : "Subtract",
                           "signature" : [ {
                              "localId" : "251",
                              "name" : "{urn:hl7-org:elm-types:r1}Date",
                              "type" : "NamedTypeSpecifier"
                           }, {
                              "localId" : "252",
                              "name" : "{urn:hl7-org:elm-types:r1}Quantity",
                              "type" : "NamedTypeSpecifier"
                           } ],
                           "operand" : [ {
                              "localId" : "245",
                              "locator" : "19:71-19:74",
                              "name" : "AsOf",
                              "type" : "ParameterRef"
                           }, {
                              "localId" : "249",
                              "locator" : "19:42-19:49",
                              "value" : 9,
                              "unit" : "months",
                              "type" : "Quantity"
                           } ]
                        }
                     } ]
                  } ]
               }
            }
         } ]
      }
   }
}