{
   "library" : {
      "localId" : "0",
      "annotation" : [ {
         "translatorVersion" : "3.11.0",
         "translatorOptions" : "EnableAnnotations,EnableLocators,DisableListDemotion,DisableListPromotion",
         "signatureLevel" : "All",
         "type" : "CqlToElmInfo"
      }, {
         "type" : "Annotation",
         "s" : {
            "r" : "222",
            "s" : [ {
               "value" : [ "","library WHOConcepts" ]
            } ]
         }
      } ],
      "identifier" : {
         "id" : "WHOConcepts",
         "system" : "https://IntelliSOFT-Consulting.github.io/HIV-FHIR-IG"
      },
      "schemaIdentifier" : {
         "id" : "urn:hl7-org:elm",
         "version" : "r1"
      },
      "usings" : {
         "def" : [ {
            "localId" : "1",
            "localIdentifier" : "System",
            "uri" : "urn:hl7-org:elm-types:r1"
         } ]
      },
      "codeSystems" : {
         "def" : [ {
            "localId" : "206",
            "locator" : "4:1-4:53",
            "name" : "ICD-10",
            "id" : "http://hl7.org/fhir/sid/icd-10",
            "accessLevel" : "Public",
            "annotation" : [ {
               "type" : "Annotation",
               "s" : {
                  "r" : "206",
                  "s" : [ {
                     "value" : [ "// Code Systems\n","codesystem ","\"ICD-10\"",": ","'http://hl7.org/fhir/sid/icd-10'" ]
                  } ]
               }
            } ]
         }, {
            "localId" : "207",
            "locator" : "5:1-5:48",
            "name" : "SNOMED-CT",
            "id" : "http://snomed.info/sct",
            "accessLevel" : "Public",
            "annotation" : [ {
               "type" : "Annotation",
               "s" : {
                  "r" : "207",
                  "s" : [ {
                     "value" : [ "","codesystem ","\"SNOMED-CT\"",": ","'http://snomed.info/sct'" ]
                  } ]
               }
            } ]
         }, {
            "localId" : "208",
            "locator" : "6:1-6:38",
            "name" : "LOINC",
            "id" : "http://loinc.org",
            "accessLevel" : "Public",
            "annotation" : [ {
               "type" : "Annotation",
               "s" : {
                  "r" : "208",
                  "s" : [ {
                     "value" : [ "","codesystem ","\"LOINC\"",": ","'http://loinc.org'" ]
                  } ]
               }
            } ]
         }, {
            "localId" : "209",
            "locator" : "7:1-7:66",
            "name" : "RxNorm",
            "id" : "http://www.nlm.nih.gov/research/umls/rxnorm",
            "accessLevel" : "Public",
            "annotation" : [ {
               "type" : "Annotation",
               "s" : {
                  "r" : "209",
                  "s" : [ {
                     "value" : [ "","codesystem ","\"RxNorm\"",": ","'http://www.nlm.nih.gov/research/umls/rxnorm'" ]
                  } ]
               }
            } ]
         }, {
            "localId" : "210",
            "locator" : "8:1-8:49",
            "name" : "CIEL",
            "id" : "http://hl7.org/fhir/sid/ciel",
            "accessLevel" : "Public",
            "annotation" : [ {
               "type" : "Annotation",
               "s" : {
                  "r" : "210",
                  "s" : [ {
                     "value" : [ "","codesystem ","\"CIEL\"",": ","'http://hl7.org/fhir/sid/ciel'" ]
                  } ]
               }
            } ]
         }, {
            "localId" : "211",
            "locator" : "9:1-9:59",
            "name" : "ICD-11",
            "id" : "http://id.who.int/icd/release/11/mms",
            "accessLevel" : "Public",
            "annotation" : [ {
               "type" : "Annotation",
               "s" : {
                  "r" : "211",
                  "s" : [ {
                     "value" : [ "","codesystem ","\"ICD-11\"",": ","'http://id.who.int/icd/release/11/mms'" ]
                  } ]
               }
            } ]
         }, {
            "localId" : "212",
            "locator" : "10:1-10:77",
            "name" : "ICHI",
            "id" : "https://mitel.dimi.uniud.it/ichi/#http://id.who.int/ichi",
            "accessLevel" : "Public",
            "annotation" : [ {
               "type" : "Annotation",
               "s" : {
                  "r" : "212",
                  "s" : [ {
                     "value" : [ "","codesystem ","\"ICHI\"",": ","'https://mitel.dimi.uniud.it/ichi/#http://id.who.int/ichi'" ]
                  } ]
               }
            } ]
         }, {
            "localId" : "213",
            "locator" : "11:1-11:50",
            "name" : "ICF",
            "id" : "http://hl7.org/fhir/sid/icf-nl",
            "accessLevel" : "Public",
            "annotation" : [ {
               "type" : "Annotation",
               "s" : {
                  "r" : "213",
                  "s" : [ {
                     "value" : [ "","codesystem ","\"ICF\"",": ","'http://hl7.org/fhir/sid/icf-nl'" ]
                  } ]
               }
            } ]
         } ]
      },
      "valueSets" : {
         "def" : [ {
            "localId" : "214",
            "locator" : "14:1-14:103",
            "name" : "Pregnancy Status Pregnant",
            "id" : "http://fhir.org/guides/who/core/ValueSet/pregnancystatus-values",
            "accessLevel" : "Public",
            "annotation" : [ {
               "type" : "Annotation",
               "s" : {
                  "r" : "214",
                  "s" : [ {
                     "value" : [ "// ValuSets\n","valueset ","\"Pregnancy Status Pregnant\"",": ","'http://fhir.org/guides/who/core/ValueSet/pregnancystatus-values'" ]
                  } ]
               }
            } ],
            "codeSystem" : [ ]
         }, {
            "localId" : "215",
            "locator" : "15:1-15:76",
            "name" : "Adverse Events",
            "id" : "http://hl7.org/fhir/ValueSet/adverse-event-type",
            "accessLevel" : "Public",
            "annotation" : [ {
               "type" : "Annotation",
               "s" : {
                  "r" : "215",
                  "s" : [ {
                     "value" : [ "","valueset ","\"Adverse Events\"",": ","'http://hl7.org/fhir/ValueSet/adverse-event-type'" ]
                  } ]
               }
            } ],
            "codeSystem" : [ ]
         } ]
      },
      "codes" : {
         "def" : [ {
            "localId" : "216",
            "locator" : "17:1-17:74",
            "name" : "Pregnancy status",
            "id" : "82810-3",
            "display" : "Pregnancy status",
            "accessLevel" : "Public",
            "annotation" : [ {
               "type" : "Annotation",
               "s" : {
                  "r" : "216",
                  "s" : [ {
                     "value" : [ "","code ","\"Pregnancy status\"",": ","'82810-3'"," from " ]
                  }, {
                     "r" : "217",
                     "s" : [ {
                        "value" : [ "\"LOINC\"" ]
                     } ]
                  }, {
                     "value" : [ " display ","'Pregnancy status'" ]
                  } ]
               }
            } ],
            "codeSystem" : {
               "localId" : "217",
               "locator" : "17:41-17:47",
               "name" : "LOINC"
            }
         }, {
            "localId" : "218",
            "locator" : "18:1-18:60",
            "name" : "Pregnant",
            "id" : "LA15173-0",
            "display" : "Pregnant",
            "accessLevel" : "Public",
            "annotation" : [ {
               "type" : "Annotation",
               "s" : {
                  "r" : "218",
                  "s" : [ {
                     "value" : [ "","code ","\"Pregnant\"",": ","'LA15173-0'"," from " ]
                  }, {
                     "r" : "219",
                     "s" : [ {
                        "value" : [ "\"LOINC\"" ]
                     } ]
                  }, {
                     "value" : [ " display ","'Pregnant'" ]
                  } ]
               }
            } ],
            "codeSystem" : {
               "localId" : "219",
               "locator" : "18:35-18:41",
               "name" : "LOINC"
            }
         }, {
            "localId" : "220",
            "locator" : "19:1-19:68",
            "name" : "Not pregnant",
            "id" : "LA26683-5",
            "display" : "Not pregnant",
            "accessLevel" : "Public",
            "annotation" : [ {
               "type" : "Annotation",
               "s" : {
                  "r" : "220",
                  "s" : [ {
                     "value" : [ "","code ","\"Not pregnant\"",": ","'LA26683-5'"," from " ]
                  }, {
                     "r" : "221",
                     "s" : [ {
                        "value" : [ "\"LOINC\"" ]
                     } ]
                  }, {
                     "value" : [ " display ","'Not pregnant'" ]
                  } ]
               }
            } ],
            "codeSystem" : {
               "localId" : "221",
               "locator" : "19:39-19:45",
               "name" : "LOINC"
            }
         }, {
            "localId" : "222",
            "locator" : "20:1-20:57",
            "name" : "Unknown",
            "id" : "LA4489-6",
            "display" : "Unknown",
            "accessLevel" : "Public",
            "annotation" : [ {
               "type" : "Annotation",
               "s" : {
                  "r" : "222",
                  "s" : [ {
                     "value" : [ "","code ","\"Unknown\"",": ","'LA4489-6'"," from " ]
                  }, {
                     "r" : "223",
                     "s" : [ {
                        "value" : [ "\"LOINC\"" ]
                     } ]
                  }, {
                     "value" : [ " display ","'Unknown'" ]
                  } ]
               }
            } ],
            "codeSystem" : {
               "localId" : "223",
               "locator" : "20:33-20:39",
               "name" : "LOINC"
            }
         } ]
      }
   }
}