{
   "library" : {
      "localId" : "0",
      "annotation" : [ {
         "translatorVersion" : "3.11.0",
         "translatorOptions" : "EnableAnnotations,EnableLocators,DisableListDemotion,DisableListPromotion",
         "signatureLevel" : "All",
         "type" : "CqlToElmInfo"
      }, {
         "type" : "Annotation",
         "s" : {
            "r" : "258",
            "s" : [ {
               "value" : [ "/**\n * Library: HIV.IND.18 Logic\n * Ref No: HTS.1\n * Short Name: People living with HIV who know their HIV status (first 95)\n *\n * Definition: Number and % of people living with HIV who know their HIV status\n *\n * Numerator: Number of people living with HIV who have received their diagnosis and are still alive\n * Numerator Calculation: COUNT of clients with \"HIV status\"='HIV-positive' AND \"Date informed of HIV-positive diagnosis\" before reporting period end date\n * Numerator Exclusions: Exclude clients who are lost to follow up, transferred out, died, or refused (stopped) ART\n *\n * Denominator: Estimated number of people living with HIV\n * Denominator Calculation: *Estimated number of people living with HIV\n * Denominator Exclusions: \n *\n * Disaggregations:\n * • Gender (female, male, other**) \n *  • Age (0–4, 5–9, 10–14, 15–19, 20–24, 25–49, 50+ years)*** \n *  • Key populations (men who have sex with men, people living in prisons and other closed \n *  settings, people who inject drugs, sex workers, trans and gender diverse people)**** \n *  • ANC attendees \n *  • Cities and other administrative regions of epidemiologic importance\n *\n * Disaggregation Elements: Gender | Age | Key population member type | ANC contact date\n *\n * Numerator and Denominator Elements:\n * Date informed of HIV-positive diagnosis \n *  HIV status\n *\n * Reference: Consolidated guidelines on person-centred HIV strategic information: strengthening routine data for impact. Geneva: World Health Organization; 2022\n * \n * Data Concepts:\n * HIV.A.DE17: Age | Calculated age (number of years) of the client based on date of birth\n * HIV.A.DE18: Gender* | Gender of the client*\n * HIV.A.DE19: Female | Client identifies as female\n * HIV.A.DE20: Male | Client identifies as male\n * HIV.A.DE21: Transgender male | Client identifies as transgender male\n * HIV.A.DE22: Transgender female | Client identifies as transgender female\n * HIV.A.DE23: Other | Additional category\n * HIV.B.DE50: Key population member type* | The type of key population that the client is included in\n * HIV.B.DE51: Sex worker | Client is a sex worker\n * HIV.B.DE52: Men who have sex with men | Client is a man who has sex with men\n * HIV.B.DE53: Trans and gender-diverse people | Client identifies as trans and gender-diverse\n * HIV.B.DE54: People who inject drugs | Client is a person who injects drugs\n * HIV.B.DE55: People living in prisons and other closed settings | Client lives in a prison or another closed setting\n * HIV.B.DE65: Date informed of HIV-positive diagnosis | The date on which the client was diagnosed with HIV\n * HIV.B.DE115: HIV status | HIV status reported after applying the national HIV testing algorithm. No single HIV test can provide an HIV-positive diagnosis.\n * HIV.B.DE116: HIV-positive | Client is HIV-positive\n * HIV.B.DE117: HIV-negative | Client is HIV-negative\n * HIV.B.DE118: Unknown | Client has unknown HIV status\n * HIV.E.DE85: ANC contact date | The date and time of the client's ANC contact (in the ANC DAK this is called 'Contact date')\n * HIV.E.DE114: Key population member type* | The type of key population that the infant's mother is included in\n * HIV.E.DE115: Sex worker | Infant's mother is a sex worker\n * HIV.E.DE116: People who inject drugs | Infant's mother is a person who injects drugs\n * HIV.E.DE117: Trans and gender-diverse people | Infant's mother identifies as trans and gender-diverse\n * HIV.E.DE118: People living in prisons and other closed setting | Infant's mother is in a prison or closed setting\n * HIV.SRV.DE18: ANC contact date | The date and time of the client's ANC contact (in the ANC DAK this is called 'Contact date')\n *\n * Additional Context\n * - what it measures: This measures the number and percentage of people living with HIV who have been tested and know their HIV status.\n * - rationale: • Knowledge of HIV status is the entry point for people living with HIV to treatment and the continuum of care, and for those who test HIV-negative and remain at elevated risk of HIV acquisition, to prevention interventions. | • Disaggregated estimates can reveal gaps in access to testing among important groups of people living with HIV\n * - method: For the numerator: Best estimate based on available data sources |  | 1. Direct estimates from HIV case surveillance systems of the number of people living with HIV diagnosed with HIV, reported by a surveillance system and who are still alive. HIV case surveillance data can be used if reporting from all facilities providing confirmatory HIV testing and treatment services has been in place since at least 2014 and if people who have died, been lost to follow-up, etc., are removed from the numerator. Only confirmed HIV diagnoses should be counted. Mechanisms should be in place to de-duplicate individuals reported multiple times or from multiple facilities. |  | 2. Modelled estimates, for which the modelling approach depends on the availability of country data. For countries with robust case surveillance and vital registration systems, the number of people who know their HIV status can be derived using the Case Surveillance and Vital Registration (CSAVR) fitting tool in the Spectrum AIDS Impact Module (AIM). For countries with household population survey data that either directly capture the number of HIV-positive respondents who report that they know their status or the number of HIV- positive people who report ever having been tested, UNAIDS recommends (as of 2018) that the first 90 be modelled using the Shiny First 90.*\n * \n * Suggested Scoring Method: proportion | http://hl7.org/fhir/us/cqfmeasures/StructureDefinition/proportion-measure-cqfm\n */\n\n","library HIVIND18Logic" ]
            } ]
         }
      } ],
      "identifier" : {
         "id" : "HIVIND18Logic",
         "system" : "https://IntelliSOFT-Consulting.github.io/HIV-FHIR-IG"
      },
      "schemaIdentifier" : {
         "id" : "urn:hl7-org:elm",
         "version" : "r1"
      },
      "usings" : {
         "def" : [ {
            "localId" : "1",
            "localIdentifier" : "System",
            "uri" : "urn:hl7-org:elm-types:r1"
         }, {
            "localId" : "206",
            "locator" : "70:1-70:26",
            "localIdentifier" : "FHIR",
            "uri" : "http://hl7.org/fhir",
            "version" : "4.0.1",
            "annotation" : [ {
               "type" : "Annotation",
               "s" : {
                  "r" : "206",
                  "s" : [ {
                     "value" : [ "// Included Libraries\n","using " ]
                  }, {
                     "s" : [ {
                        "value" : [ "FHIR" ]
                     } ]
                  }, {
                     "value" : [ " version '4.0.1'" ]
                  } ]
               }
            } ]
         } ]
      },
      "includes" : {
         "def" : [ {
            "localId" : "207",
            "locator" : "72:1-72:44",
            "localIdentifier" : "HIC",
            "path" : "https://IntelliSOFT-Consulting.github.io/HIV-FHIR-IG/HIVCommon",
            "version" : "0.0.1",
            "annotation" : [ {
               "type" : "Annotation",
               "s" : {
                  "r" : "207",
                  "s" : [ {
                     "value" : [ "","include " ]
                  }, {
                     "s" : [ {
                        "value" : [ "HIVCommon" ]
                     } ]
                  }, {
                     "value" : [ " version ","'0.0.1'"," called ","HIC" ]
                  } ]
               }
            } ]
         }, {
            "localId" : "208",
            "locator" : "73:1-73:35",
            "localIdentifier" : "FHIRHelpers",
            "path" : "https://IntelliSOFT-Consulting.github.io/HIV-FHIR-IG/FHIRHelpers",
            "version" : "4.0.1",
            "annotation" : [ {
               "type" : "Annotation",
               "s" : {
                  "r" : "208",
                  "s" : [ {
                     "value" : [ "","include " ]
                  }, {
                     "s" : [ {
                        "value" : [ "FHIRHelpers" ]
                     } ]
                  }, {
                     "value" : [ " version ","'4.0.1'" ]
                  } ]
               }
            } ]
         }, {
            "localId" : "209",
            "locator" : "74:1-74:29",
            "localIdentifier" : "WCom",
            "path" : "https://IntelliSOFT-Consulting.github.io/HIV-FHIR-IG/WHOCommon",
            "annotation" : [ {
               "type" : "Annotation",
               "s" : {
                  "r" : "209",
                  "s" : [ {
                     "value" : [ "","include " ]
                  }, {
                     "s" : [ {
                        "value" : [ "WHOCommon" ]
                     } ]
                  }, {
                     "value" : [ " called ","WCom" ]
                  } ]
               }
            } ]
         }, {
            "localId" : "210",
            "locator" : "76:1-76:29",
            "localIdentifier" : "HE",
            "path" : "https://IntelliSOFT-Consulting.github.io/HIV-FHIR-IG/HIVElements",
            "annotation" : [ {
               "type" : "Annotation",
               "s" : {
                  "r" : "210",
                  "s" : [ {
                     "value" : [ "","include " ]
                  }, {
                     "s" : [ {
                        "value" : [ "HIVElements" ]
                     } ]
                  }, {
                     "value" : [ " called ","HE" ]
                  } ]
               }
            } ]
         }, {
            "localId" : "211",
            "locator" : "77:1-77:39",
            "localIdentifier" : "HIE",
            "path" : "https://IntelliSOFT-Consulting.github.io/HIV-FHIR-IG/HIVIndicatorElements",
            "annotation" : [ {
               "type" : "Annotation",
               "s" : {
                  "r" : "211",
                  "s" : [ {
                     "value" : [ "","include " ]
                  }, {
                     "s" : [ {
                        "value" : [ "HIVIndicatorElements" ]
                     } ]
                  }, {
                     "value" : [ " called ","HIE" ]
                  } ]
               }
            } ]
         } ]
      },
      "parameters" : {
         "def" : [ {
            "localId" : "212",
            "locator" : "80:1-80:88",
            "name" : "Measurement Period",
            "accessLevel" : "Public",
            "annotation" : [ {
               "type" : "Annotation",
               "s" : {
                  "r" : "212",
                  "s" : [ {
                     "value" : [ "// Indicator Definition\n","parameter ","\"Measurement Period\""," " ]
                  }, {
                     "r" : "224",
                     "s" : [ {
                        "value" : [ "Interval<" ]
                     }, {
                        "r" : "225",
                        "s" : [ {
                           "value" : [ "Date" ]
                        } ]
                     }, {
                        "value" : [ ">" ]
                     } ]
                  }, {
                     "value" : [ " default " ]
                  }, {
                     "r" : "223",
                     "s" : [ {
                        "r" : "217",
                        "value" : [ "Interval[","@2023-01-01",", ","@2023-01-30","]" ]
                     } ]
                  } ]
               }
            } ],
            "default" : {
               "localId" : "223",
               "locator" : "80:55-80:88",
               "lowClosed" : true,
               "highClosed" : true,
               "type" : "Interval",
               "low" : {
                  "localId" : "217",
                  "locator" : "80:64-80:74",
                  "type" : "Date",
                  "signature" : [ ],
                  "year" : {
                     "localId" : "214",
                     "valueType" : "{urn:hl7-org:elm-types:r1}Integer",
                     "value" : "2023",
                     "type" : "Literal"
                  },
                  "month" : {
                     "localId" : "215",
                     "valueType" : "{urn:hl7-org:elm-types:r1}Integer",
                     "value" : "1",
                     "type" : "Literal"
                  },
                  "day" : {
                     "localId" : "216",
                     "valueType" : "{urn:hl7-org:elm-types:r1}Integer",
                     "value" : "1",
                     "type" : "Literal"
                  }
               },
               "high" : {
                  "localId" : "222",
                  "locator" : "80:77-80:87",
                  "type" : "Date",
                  "signature" : [ ],
                  "year" : {
                     "localId" : "219",
                     "valueType" : "{urn:hl7-org:elm-types:r1}Integer",
                     "value" : "2023",
                     "type" : "Literal"
                  },
                  "month" : {
                     "localId" : "220",
                     "valueType" : "{urn:hl7-org:elm-types:r1}Integer",
                     "value" : "1",
                     "type" : "Literal"
                  },
                  "day" : {
                     "localId" : "221",
                     "valueType" : "{urn:hl7-org:elm-types:r1}Integer",
                     "value" : "30",
                     "type" : "Literal"
                  }
               }
            },
            "parameterTypeSpecifier" : {
               "localId" : "224",
               "locator" : "80:32-80:45",
               "type" : "IntervalTypeSpecifier",
               "pointType" : {
                  "localId" : "225",
                  "locator" : "80:41-80:44",
                  "name" : "{urn:hl7-org:elm-types:r1}Date",
                  "type" : "NamedTypeSpecifier"
               }
            }
         } ]
      },
      "contexts" : {
         "def" : [ {
            "localId" : "229",
            "locator" : "82:1-82:15",
            "name" : "Patient"
         } ]
      },
      "statements" : {
         "def" : [ {
            "localId" : "227",
            "locator" : "82:1-82:15",
            "name" : "Patient",
            "context" : "Patient",
            "expression" : {
               "localId" : "228",
               "type" : "SingletonFrom",
               "signature" : [ ],
               "operand" : {
                  "localId" : "226",
                  "locator" : "82:1-82:15",
                  "dataType" : "{http://hl7.org/fhir}Patient",
                  "templateId" : "http://hl7.org/fhir/StructureDefinition/Patient",
                  "type" : "Retrieve",
                  "include" : [ ],
                  "codeFilter" : [ ],
                  "dateFilter" : [ ],
                  "otherFilter" : [ ]
               }
            }
         }, {
            "localId" : "231",
            "locator" : "83:1-84:32",
            "name" : "Measure Population",
            "context" : "Patient",
            "accessLevel" : "Public",
            "annotation" : [ {
               "type" : "Annotation",
               "s" : {
                  "r" : "231",
                  "s" : [ {
                     "value" : [ "","define ","\"Measure Population\"",":\n   " ]
                  }, {
                     "r" : "233",
                     "s" : [ {
                        "r" : "232",
                        "s" : [ {
                           "value" : [ "HIE" ]
                        } ]
                     }, {
                        "value" : [ "." ]
                     }, {
                        "r" : "233",
                        "s" : [ {
                           "value" : [ "\"Has HIV-positive Status\"" ]
                        } ]
                     } ]
                  } ]
               }
            } ],
            "expression" : {
               "localId" : "233",
               "locator" : "84:4-84:32",
               "name" : "Has HIV-positive Status",
               "libraryName" : "HIE",
               "type" : "ExpressionRef"
            }
         }, {
            "localId" : "235",
            "locator" : "89:1-90:6",
            "name" : "Initial Population",
            "context" : "Patient",
            "accessLevel" : "Public",
            "annotation" : [ {
               "type" : "Annotation",
               "s" : {
                  "r" : "235",
                  "s" : [ {
                     "r" : "236",
                     "value" : [ "/*\n * As defined by Member States\n */\n","define ","\"Initial Population\"",":\n  ","true" ]
                  } ]
               }
            } ],
            "expression" : {
               "localId" : "236",
               "locator" : "90:3-90:6",
               "valueType" : "{urn:hl7-org:elm-types:r1}Boolean",
               "value" : "true",
               "type" : "Literal"
            }
         }, {
            "localId" : "237",
            "locator" : "96:1-97:3",
            "name" : "Measure Observation",
            "context" : "Patient",
            "accessLevel" : "Public",
            "type" : "FunctionDef",
            "annotation" : [ {
               "type" : "Annotation",
               "s" : {
                  "r" : "237",
                  "s" : [ {
                     "value" : [ "/*\n * NOTE: Modeled as a Continuous Variable measure because this is an estimated denominator proportion measure\n */\n\n","define function \"Measure Observation\"(Patient \"Patient\"):\n  " ]
                  }, {
                     "r" : "240",
                     "s" : [ {
                        "r" : "240",
                        "value" : [ "1" ]
                     } ]
                  } ]
               }
            } ],
            "expression" : {
               "localId" : "240",
               "locator" : "97:3",
               "valueType" : "{urn:hl7-org:elm-types:r1}Integer",
               "value" : "1",
               "type" : "Literal"
            },
            "operand" : [ {
               "localId" : "239",
               "name" : "Patient",
               "operandTypeSpecifier" : {
                  "localId" : "238",
                  "locator" : "96:47-96:55",
                  "name" : "{http://hl7.org/fhir}Patient",
                  "type" : "NamedTypeSpecifier"
               }
            } ]
         }, {
            "localId" : "242",
            "locator" : "103:1-104:42",
            "name" : "Administrative Gender Stratifier",
            "context" : "Patient",
            "accessLevel" : "Public",
            "annotation" : [ {
               "type" : "Annotation",
               "s" : {
                  "r" : "242",
                  "s" : [ {
                     "value" : [ "/*\n * Disaggregators\n */\n\n","define ","\"Administrative Gender Stratifier\"",":\n\t" ]
                  }, {
                     "r" : "244",
                     "s" : [ {
                        "r" : "243",
                        "s" : [ {
                           "value" : [ "HIE" ]
                        } ]
                     }, {
                        "value" : [ "." ]
                     }, {
                        "r" : "244",
                        "s" : [ {
                           "value" : [ "\"By Administrative Gender Stratifier\"" ]
                        } ]
                     } ]
                  } ]
               }
            } ],
            "expression" : {
               "localId" : "244",
               "locator" : "104:2-104:42",
               "name" : "By Administrative Gender Stratifier",
               "libraryName" : "HIE",
               "type" : "ExpressionRef"
            }
         }, {
            "localId" : "246",
            "locator" : "106:1-107:26",
            "name" : "Age Stratifier",
            "context" : "Patient",
            "accessLevel" : "Public",
            "annotation" : [ {
               "type" : "Annotation",
               "s" : {
                  "r" : "246",
                  "s" : [ {
                     "value" : [ "","define ","\"Age Stratifier\"",":\n\t" ]
                  }, {
                     "r" : "248",
                     "s" : [ {
                        "r" : "247",
                        "s" : [ {
                           "value" : [ "HIE" ]
                        } ]
                     }, {
                        "value" : [ "." ]
                     }, {
                        "r" : "248",
                        "s" : [ {
                           "value" : [ "\"By Age Stratifier 2\"" ]
                        } ]
                     } ]
                  } ]
               }
            } ],
            "expression" : {
               "localId" : "248",
               "locator" : "107:2-107:26",
               "name" : "By Age Stratifier 2",
               "libraryName" : "HIE",
               "type" : "ExpressionRef"
            }
         }, {
            "localId" : "250",
            "locator" : "109:1-110:38",
            "name" : "Geographic Region Stratifier",
            "context" : "Patient",
            "accessLevel" : "Public",
            "annotation" : [ {
               "type" : "Annotation",
               "s" : {
                  "r" : "250",
                  "s" : [ {
                     "value" : [ "","define ","\"Geographic Region Stratifier\"",":\n\t" ]
                  }, {
                     "r" : "252",
                     "s" : [ {
                        "r" : "251",
                        "s" : [ {
                           "value" : [ "HIE" ]
                        } ]
                     }, {
                        "value" : [ "." ]
                     }, {
                        "r" : "252",
                        "s" : [ {
                           "value" : [ "\"By Geographic Region Stratifier\"" ]
                        } ]
                     } ]
                  } ]
               }
            } ],
            "expression" : {
               "localId" : "252",
               "locator" : "110:2-110:38",
               "name" : "By Geographic Region Stratifier",
               "libraryName" : "HIE",
               "type" : "ExpressionRef"
            }
         }, {
            "localId" : "254",
            "locator" : "112:1-113:20",
            "name" : "patientGroups Stratifier",
            "context" : "Patient",
            "accessLevel" : "Public",
            "annotation" : [ {
               "type" : "Annotation",
               "s" : {
                  "r" : "254",
                  "s" : [ {
                     "value" : [ "","define ","\"patientGroups Stratifier\"",":\n\t" ]
                  }, {
                     "r" : "256",
                     "s" : [ {
                        "r" : "255",
                        "s" : [ {
                           "value" : [ "HIE" ]
                        } ]
                     }, {
                        "value" : [ "." ]
                     }, {
                        "r" : "256",
                        "s" : [ {
                           "value" : [ "\"patientGroups\"" ]
                        } ]
                     } ]
                  } ]
               }
            } ],
            "expression" : {
               "localId" : "256",
               "locator" : "113:2-113:20",
               "name" : "patientGroups",
               "libraryName" : "HIE",
               "type" : "ExpressionRef"
            }
         }, {
            "localId" : "258",
            "locator" : "119:1-123:33",
            "name" : "Stratification",
            "context" : "Patient",
            "accessLevel" : "Public",
            "annotation" : [ {
               "type" : "Annotation",
               "s" : {
                  "r" : "258",
                  "s" : [ {
                     "value" : [ "// define \"ANC Stratifier\":\n//     HIC.\"anc\"\n\n\n","define ","\"Stratification\"",":\n " ]
                  }, {
                     "r" : "301",
                     "s" : [ {
                        "r" : "286",
                        "s" : [ {
                           "r" : "279",
                           "s" : [ {
                              "r" : "275",
                              "s" : [ {
                                 "r" : "270",
                                 "s" : [ {
                                    "r" : "266",
                                    "s" : [ {
                                       "r" : "265",
                                       "s" : [ {
                                          "r" : "264",
                                          "s" : [ {
                                             "value" : [ "HIE" ]
                                          } ]
                                       }, {
                                          "value" : [ "." ]
                                       }, {
                                          "r" : "265",
                                          "s" : [ {
                                             "value" : [ "\"By Administrative Gender Stratifier\"" ]
                                          } ]
                                       } ]
                                    }, {
                                       "value" : [ "." ]
                                    }, {
                                       "r" : "266",
                                       "s" : [ {
                                          "value" : [ "code" ]
                                       } ]
                                    } ]
                                 }, {
                                    "value" : [ " \n  + " ]
                                 }, {
                                    "r" : "267",
                                    "s" : [ {
                                       "value" : [ "':'" ]
                                    } ]
                                 } ]
                              }, {
                                 "value" : [ " + " ]
                              }, {
                                 "r" : "272",
                                 "s" : [ {
                                    "r" : "271",
                                    "s" : [ {
                                       "value" : [ "HIE" ]
                                    } ]
                                 }, {
                                    "value" : [ "." ]
                                 }, {
                                    "r" : "272",
                                    "s" : [ {
                                       "value" : [ "\"By Age Stratifier 2\"" ]
                                    } ]
                                 } ]
                              } ]
                           }, {
                              "value" : [ "\n+ " ]
                           }, {
                              "r" : "276",
                              "s" : [ {
                                 "value" : [ "':'" ]
                              } ]
                           } ]
                        }, {
                           "value" : [ " + " ]
                        }, {
                           "r" : "281",
                           "s" : [ {
                              "r" : "280",
                              "s" : [ {
                                 "value" : [ "HIE" ]
                              } ]
                           }, {
                              "value" : [ "." ]
                           }, {
                              "r" : "281",
                              "s" : [ {
                                 "value" : [ "\"By Geographic Region Stratifier\"" ]
                              } ]
                           } ]
                        } ]
                     }, {
                        "value" : [ "\n+ " ]
                     }, {
                        "r" : "295",
                        "s" : [ {
                           "value" : [ "Combine","(" ]
                        }, {
                           "r" : "288",
                           "s" : [ {
                              "r" : "287",
                              "s" : [ {
                                 "value" : [ "HIE" ]
                              } ]
                           }, {
                              "value" : [ "." ]
                           }, {
                              "r" : "288",
                              "s" : [ {
                                 "value" : [ "patientGroups" ]
                              } ]
                           } ]
                        }, {
                           "value" : [ ", " ]
                        }, {
                           "r" : "289",
                           "s" : [ {
                              "value" : [ "':'" ]
                           } ]
                        }, {
                           "value" : [ ")" ]
                        } ]
                     } ]
                  } ]
               }
            } ],
            "expression" : {
               "localId" : "301",
               "locator" : "120:2-123:33",
               "type" : "Concatenate",
               "signature" : [ ],
               "operand" : [ {
                  "localId" : "286",
                  "locator" : "120:2-122:45",
                  "type" : "Concatenate",
                  "signature" : [ ],
                  "operand" : [ {
                     "localId" : "279",
                     "locator" : "120:2-122:5",
                     "type" : "Concatenate",
                     "signature" : [ ],
                     "operand" : [ {
                        "localId" : "275",
                        "locator" : "120:2-121:35",
                        "type" : "Concatenate",
                        "signature" : [ ],
                        "operand" : [ {
                           "localId" : "270",
                           "locator" : "120:2-121:7",
                           "type" : "Concatenate",
                           "signature" : [ ],
                           "operand" : [ {
                              "localId" : "266",
                              "locator" : "120:2-120:47",
                              "path" : "code",
                              "type" : "Property",
                              "source" : {
                                 "localId" : "265",
                                 "locator" : "120:2-120:42",
                                 "name" : "By Administrative Gender Stratifier",
                                 "libraryName" : "HIE",
                                 "type" : "ExpressionRef"
                              }
                           }, {
                              "localId" : "267",
                              "locator" : "121:5-121:7",
                              "valueType" : "{urn:hl7-org:elm-types:r1}String",
                              "value" : ":",
                              "type" : "Literal"
                           } ]
                        }, {
                           "localId" : "272",
                           "locator" : "121:11-121:35",
                           "name" : "By Age Stratifier 2",
                           "libraryName" : "HIE",
                           "type" : "ExpressionRef"
                        } ]
                     }, {
                        "localId" : "276",
                        "locator" : "122:3-122:5",
                        "valueType" : "{urn:hl7-org:elm-types:r1}String",
                        "value" : ":",
                        "type" : "Literal"
                     } ]
                  }, {
                     "localId" : "282",
                     "name" : "ToString",
                     "libraryName" : "FHIRHelpers",
                     "type" : "FunctionRef",
                     "signature" : [ {
                        "localId" : "283",
                        "name" : "{http://hl7.org/fhir}string",
                        "type" : "NamedTypeSpecifier"
                     } ],
                     "operand" : [ {
                        "localId" : "281",
                        "locator" : "122:9-122:45",
                        "name" : "By Geographic Region Stratifier",
                        "libraryName" : "HIE",
                        "type" : "ExpressionRef"
                     } ]
                  } ]
               }, {
                  "localId" : "295",
                  "locator" : "123:3-123:33",
                  "type" : "Combine",
                  "signature" : [ {
                     "localId" : "296",
                     "type" : "ListTypeSpecifier",
                     "elementType" : {
                        "localId" : "297",
                        "name" : "{urn:hl7-org:elm-types:r1}String",
                        "type" : "NamedTypeSpecifier"
                     }
                  }, {
                     "localId" : "298",
                     "name" : "{urn:hl7-org:elm-types:r1}String",
                     "type" : "NamedTypeSpecifier"
                  } ],
                  "source" : {
                     "localId" : "288",
                     "locator" : "123:11-123:27",
                     "name" : "patientGroups",
                     "libraryName" : "HIE",
                     "type" : "ExpressionRef"
                  },
                  "separator" : {
                     "localId" : "289",
                     "locator" : "123:30-123:32",
                     "valueType" : "{urn:hl7-org:elm-types:r1}String",
                     "value" : ":",
                     "type" : "Literal"
                  }
               } ]
            }
         } ]
      }
   }
}