{
   "library" : {
      "localId" : "0",
      "annotation" : [ {
         "translatorVersion" : "3.11.0",
         "translatorOptions" : "EnableAnnotations,EnableLocators,DisableListDemotion,DisableListPromotion",
         "signatureLevel" : "All",
         "type" : "CqlToElmInfo"
      }, {
         "type" : "Annotation",
         "s" : {
            "r" : "244",
            "s" : [ {
               "value" : [ "","library WHOElements" ]
            } ]
         }
      } ],
      "identifier" : {
         "id" : "WHOElements",
         "system" : "https://IntelliSOFT-Consulting.github.io/HIV-FHIR-IG"
      },
      "schemaIdentifier" : {
         "id" : "urn:hl7-org:elm",
         "version" : "r1"
      },
      "usings" : {
         "def" : [ {
            "localId" : "1",
            "localIdentifier" : "System",
            "uri" : "urn:hl7-org:elm-types:r1"
         }, {
            "localId" : "206",
            "locator" : "3:1-3:26",
            "localIdentifier" : "FHIR",
            "uri" : "http://hl7.org/fhir",
            "version" : "4.0.1",
            "annotation" : [ {
               "type" : "Annotation",
               "s" : {
                  "r" : "206",
                  "s" : [ {
                     "value" : [ "","using " ]
                  }, {
                     "s" : [ {
                        "value" : [ "FHIR" ]
                     } ]
                  }, {
                     "value" : [ " version '4.0.1'" ]
                  } ]
               }
            } ]
         } ]
      },
      "includes" : {
         "def" : [ {
            "localId" : "207",
            "locator" : "5:1-5:35",
            "localIdentifier" : "FHIRHelpers",
            "path" : "https://IntelliSOFT-Consulting.github.io/HIV-FHIR-IG/FHIRHelpers",
            "version" : "4.0.1",
            "annotation" : [ {
               "type" : "Annotation",
               "s" : {
                  "r" : "207",
                  "s" : [ {
                     "value" : [ "","include " ]
                  }, {
                     "s" : [ {
                        "value" : [ "FHIRHelpers" ]
                     } ]
                  }, {
                     "value" : [ " version ","'4.0.1'" ]
                  } ]
               }
            } ]
         }, {
            "localId" : "208",
            "locator" : "7:1-7:35",
            "localIdentifier" : "Concepts",
            "path" : "https://IntelliSOFT-Consulting.github.io/HIV-FHIR-IG/WHOConcepts",
            "annotation" : [ {
               "type" : "Annotation",
               "s" : {
                  "r" : "208",
                  "s" : [ {
                     "value" : [ "","include " ]
                  }, {
                     "s" : [ {
                        "value" : [ "WHOConcepts" ]
                     } ]
                  }, {
                     "value" : [ " called ","Concepts" ]
                  } ]
               }
            } ]
         }, {
            "localId" : "209",
            "locator" : "8:1-8:31",
            "localIdentifier" : "Common",
            "path" : "https://IntelliSOFT-Consulting.github.io/HIV-FHIR-IG/WHOCommon",
            "annotation" : [ {
               "type" : "Annotation",
               "s" : {
                  "r" : "209",
                  "s" : [ {
                     "value" : [ "","include " ]
                  }, {
                     "s" : [ {
                        "value" : [ "WHOCommon" ]
                     } ]
                  }, {
                     "value" : [ " called ","Common" ]
                  } ]
               }
            } ]
         } ]
      },
      "contexts" : {
         "def" : [ {
            "localId" : "213",
            "locator" : "10:1-10:15",
            "name" : "Patient"
         } ]
      },
      "statements" : {
         "def" : [ {
            "localId" : "211",
            "locator" : "10:1-10:15",
            "name" : "Patient",
            "context" : "Patient",
            "expression" : {
               "localId" : "212",
               "type" : "SingletonFrom",
               "signature" : [ ],
               "operand" : {
                  "localId" : "210",
                  "locator" : "10:1-10:15",
                  "dataType" : "{http://hl7.org/fhir}Patient",
                  "templateId" : "http://hl7.org/fhir/StructureDefinition/Patient",
                  "type" : "Retrieve",
                  "include" : [ ],
                  "codeFilter" : [ ],
                  "dateFilter" : [ ],
                  "otherFilter" : [ ]
               }
            }
         }, {
            "localId" : "215",
            "locator" : "12:1-14:57",
            "name" : "Pregnancy Status Observation",
            "context" : "Patient",
            "accessLevel" : "Public",
            "annotation" : [ {
               "type" : "Annotation",
               "s" : {
                  "r" : "215",
                  "s" : [ {
                     "value" : [ "","define ","\"Pregnancy Status Observation\"",":\n  " ]
                  }, {
                     "r" : "242",
                     "s" : [ {
                        "s" : [ {
                           "r" : "216",
                           "s" : [ {
                              "r" : "220",
                              "s" : [ {
                                 "r" : "220",
                                 "s" : [ {
                                    "value" : [ "[","Observation",": " ]
                                 }, {
                                    "s" : [ {
                                       "value" : [ "Concepts",".","\"Pregnancy status\"" ]
                                    } ]
                                 }, {
                                    "value" : [ "]" ]
                                 } ]
                              } ]
                           }, {
                              "value" : [ " ","O" ]
                           } ]
                        } ]
                     }, {
                        "value" : [ "\n    " ]
                     }, {
                        "r" : "236",
                        "s" : [ {
                           "value" : [ "where " ]
                        }, {
                           "r" : "236",
                           "s" : [ {
                              "r" : "231",
                              "s" : [ {
                                 "r" : "230",
                                 "s" : [ {
                                    "value" : [ "O" ]
                                 } ]
                              }, {
                                 "value" : [ "." ]
                              }, {
                                 "r" : "231",
                                 "s" : [ {
                                    "value" : [ "status" ]
                                 } ]
                              } ]
                           }, {
                              "value" : [ " in " ]
                           }, {
                              "r" : "232",
                              "s" : [ {
                                 "value" : [ "{ " ]
                              }, {
                                 "r" : "233",
                                 "s" : [ {
                                    "value" : [ "'final'" ]
                                 } ]
                              }, {
                                 "value" : [ ", " ]
                              }, {
                                 "r" : "234",
                                 "s" : [ {
                                    "value" : [ "'amended'" ]
                                 } ]
                              }, {
                                 "value" : [ ", " ]
                              }, {
                                 "r" : "235",
                                 "s" : [ {
                                    "value" : [ "'corrected'" ]
                                 } ]
                              }, {
                                 "value" : [ " }" ]
                              } ]
                           } ]
                        } ]
                     } ]
                  } ]
               }
            } ],
            "expression" : {
               "localId" : "242",
               "locator" : "13:3-14:57",
               "type" : "Query",
               "source" : [ {
                  "localId" : "216",
                  "locator" : "13:3-13:46",
                  "alias" : "O",
                  "expression" : {
                     "localId" : "220",
                     "locator" : "13:3-13:44",
                     "dataType" : "{http://hl7.org/fhir}Observation",
                     "templateId" : "http://hl7.org/fhir/StructureDefinition/Observation",
                     "codeProperty" : "code",
                     "codeComparator" : "~",
                     "type" : "Retrieve",
                     "codes" : {
                        "localId" : "229",
                        "type" : "ToList",
                        "signature" : [ ],
                        "operand" : {
                           "localId" : "219",
                           "locator" : "13:17-13:43",
                           "name" : "Pregnancy status",
                           "libraryName" : "Concepts",
                           "type" : "CodeRef"
                        }
                     },
                     "include" : [ ],
                     "codeFilter" : [ ],
                     "dateFilter" : [ ],
                     "otherFilter" : [ ]
                  }
               } ],
               "let" : [ ],
               "relationship" : [ ],
               "where" : {
                  "localId" : "236",
                  "locator" : "14:5-14:57",
                  "type" : "In",
                  "signature" : [ {
                     "localId" : "239",
                     "name" : "{urn:hl7-org:elm-types:r1}String",
                     "type" : "NamedTypeSpecifier"
                  }, {
                     "localId" : "240",
                     "type" : "ListTypeSpecifier",
                     "elementType" : {
                        "localId" : "241",
                        "name" : "{urn:hl7-org:elm-types:r1}String",
                        "type" : "NamedTypeSpecifier"
                     }
                  } ],
                  "operand" : [ {
                     "localId" : "237",
                     "name" : "ToString",
                     "libraryName" : "FHIRHelpers",
                     "type" : "FunctionRef",
                     "signature" : [ {
                        "localId" : "238",
                        "name" : "{http://hl7.org/fhir}ObservationStatus",
                        "type" : "NamedTypeSpecifier"
                     } ],
                     "operand" : [ {
                        "localId" : "231",
                        "locator" : "14:11-14:18",
                        "path" : "status",
                        "scope" : "O",
                        "type" : "Property"
                     } ]
                  }, {
                     "localId" : "232",
                     "locator" : "14:23-14:57",
                     "type" : "List",
                     "element" : [ {
                        "localId" : "233",
                        "locator" : "14:25-14:31",
                        "valueType" : "{urn:hl7-org:elm-types:r1}String",
                        "value" : "final",
                        "type" : "Literal"
                     }, {
                        "localId" : "234",
                        "locator" : "14:34-14:42",
                        "valueType" : "{urn:hl7-org:elm-types:r1}String",
                        "value" : "amended",
                        "type" : "Literal"
                     }, {
                        "localId" : "235",
                        "locator" : "14:45-14:55",
                        "valueType" : "{urn:hl7-org:elm-types:r1}String",
                        "value" : "corrected",
                        "type" : "Literal"
                     } ]
                  } ]
               }
            }
         }, {
            "localId" : "244",
            "locator" : "16:1-18:39",
            "name" : "Pregnant Observation",
            "context" : "Patient",
            "accessLevel" : "Public",
            "annotation" : [ {
               "type" : "Annotation",
               "s" : {
                  "r" : "244",
                  "s" : [ {
                     "value" : [ "","define ","\"Pregnant Observation\"",":\n  " ]
                  }, {
                     "r" : "260",
                     "s" : [ {
                        "s" : [ {
                           "r" : "245",
                           "s" : [ {
                              "r" : "246",
                              "s" : [ {
                                 "s" : [ {
                                    "value" : [ "\"Pregnancy Status Observation\"" ]
                                 } ]
                              } ]
                           }, {
                              "value" : [ " ","O" ]
                           } ]
                        } ]
                     }, {
                        "value" : [ "\n    " ]
                     }, {
                        "r" : "247",
                        "s" : [ {
                           "value" : [ "where " ]
                        }, {
                           "r" : "247",
                           "s" : [ {
                              "r" : "249",
                              "s" : [ {
                                 "r" : "248",
                                 "s" : [ {
                                    "value" : [ "O" ]
                                 } ]
                              }, {
                                 "value" : [ "." ]
                              }, {
                                 "r" : "249",
                                 "s" : [ {
                                    "value" : [ "value" ]
                                 } ]
                              } ]
                           }, {
                              "value" : [ " ","~"," " ]
                           }, {
                              "r" : "251",
                              "s" : [ {
                                 "r" : "250",
                                 "s" : [ {
                                    "value" : [ "Concepts" ]
                                 } ]
                              }, {
                                 "value" : [ "." ]
                              }, {
                                 "r" : "251",
                                 "s" : [ {
                                    "value" : [ "\"Pregnant\"" ]
                                 } ]
                              } ]
                           } ]
                        } ]
                     } ]
                  } ]
               }
            } ],
            "expression" : {
               "localId" : "260",
               "locator" : "17:3-18:39",
               "type" : "Query",
               "source" : [ {
                  "localId" : "245",
                  "locator" : "17:3-17:34",
                  "alias" : "O",
                  "expression" : {
                     "localId" : "246",
                     "locator" : "17:3-17:32",
                     "name" : "Pregnancy Status Observation",
                     "type" : "ExpressionRef"
                  }
               } ],
               "let" : [ ],
               "relationship" : [ ],
               "where" : {
                  "localId" : "247",
                  "locator" : "18:5-18:39",
                  "type" : "Equivalent",
                  "signature" : [ {
                     "localId" : "258",
                     "name" : "{urn:hl7-org:elm-types:r1}Concept",
                     "type" : "NamedTypeSpecifier"
                  }, {
                     "localId" : "259",
                     "name" : "{urn:hl7-org:elm-types:r1}Concept",
                     "type" : "NamedTypeSpecifier"
                  } ],
                  "operand" : [ {
                     "localId" : "253",
                     "name" : "ToConcept",
                     "libraryName" : "FHIRHelpers",
                     "type" : "FunctionRef",
                     "signature" : [ {
                        "localId" : "254",
                        "name" : "{http://hl7.org/fhir}CodeableConcept",
                        "type" : "NamedTypeSpecifier"
                     } ],
                     "operand" : [ {
                        "localId" : "252",
                        "asType" : "{http://hl7.org/fhir}CodeableConcept",
                        "type" : "As",
                        "signature" : [ ],
                        "operand" : {
                           "localId" : "249",
                           "locator" : "18:11-18:17",
                           "path" : "value",
                           "scope" : "O",
                           "type" : "Property"
                        }
                     } ]
                  }, {
                     "localId" : "256",
                     "type" : "ToConcept",
                     "signature" : [ {
                        "localId" : "257",
                        "name" : "{urn:hl7-org:elm-types:r1}Code",
                        "type" : "NamedTypeSpecifier"
                     } ],
                     "operand" : {
                        "localId" : "251",
                        "locator" : "18:21-18:39",
                        "name" : "Pregnant",
                        "libraryName" : "Concepts",
                        "type" : "CodeRef"
                     }
                  } ]
               }
            }
         } ]
      }
   }
}