{
   "library" : {
      "localId" : "0",
      "annotation" : [ {
         "translatorVersion" : "3.11.0",
         "translatorOptions" : "EnableAnnotations,EnableLocators,DisableListDemotion,DisableListPromotion",
         "signatureLevel" : "All",
         "type" : "CqlToElmInfo"
      }, {
         "type" : "Annotation",
         "s" : {
            "r" : "284",
            "s" : [ {
               "value" : [ "/**\n * Library: HIV.IND.30 Logic\n * Ref No: ART.4\n * Short Name: New ART patients\n *\n * Definition: Number of people living with HIV who initiated ART\n *\n * Numerator: Number of people living with HIV who initiated ART in accordance with national treatment guidelines during the reporting period\n * Numerator Calculation: COUNT of clients with \"HIV status\"='HIV-positive' AND \"On ART\"=True AND \"ART start date\" is within reporting period\n * Numerator Exclusions: \n *\n * Denominator: 1\n * Denominator Calculation: 1\n * Denominator Exclusions: \n *\n * Disaggregations:\n * • Gender (female, male, other*) \n *  • Age (0–4, 5–9, 10–14, 15–19, 20–24, 25–49, 50+ years)** \n *  • Key populations (men who have sex with men, people living in prisons and other closed settings, people who inject drugs, sex workers, trans and gender diverse people)*** \n *  • Other priority populations \n *  • Cities and other administrative regions of epidemiologic importance\n *\n * Disaggregation Elements: Gender | Age | Key population member type | Other priority populations\n *\n * Numerator and Denominator Elements:\n * ART start date \n *  HIV status \n *  On ART\n *\n * Reference: Consolidated guidelines on person-centred HIV strategic information: strengthening routine data for impact. Geneva: World Health Organization; 2022\n * \n * Data Concepts:\n * HIV.A.DE17: Age | Calculated age (number of years) of the client based on date of birth\n * HIV.A.DE18: Gender* | Gender of the client*\n * HIV.A.DE19: Female | Client identifies as female\n * HIV.A.DE20: Male | Client identifies as male\n * HIV.A.DE21: Transgender male | Client identifies as transgender male\n * HIV.A.DE22: Transgender female | Client identifies as transgender female\n * HIV.A.DE23: Other | Additional category\n * HIV.B.DE50: Key population member type* | The type of key population that the client is included in\n * HIV.B.DE51: Sex worker | Client is a sex worker\n * HIV.B.DE52: Men who have sex with men | Client is a man who has sex with men\n * HIV.B.DE53: Trans and gender-diverse people | Client identifies as trans and gender-diverse\n * HIV.B.DE54: People who inject drugs | Client is a person who injects drugs\n * HIV.B.DE55: People living in prisons and other closed settings | Client lives in a prison or another closed setting\n * HIV.B.DE72: ART start date | The date on which the client started or restarted antiretroviral therapy (ART)\n * HIV.B.DE115: HIV status | HIV status reported after applying the national HIV testing algorithm. No single HIV test can provide an HIV-positive diagnosis.\n * HIV.B.DE116: HIV-positive | Client is HIV-positive\n * HIV.B.DE117: HIV-negative | Client is HIV-negative\n * HIV.B.DE118: Unknown | Client has unknown HIV status\n * HIV.D.DE38: On ART | Client is currently taking ART\n * HIV.D.DE39: ART start date | The date on which the client started or restarted ART\n * HIV.E.DE114: Key population member type* | The type of key population that the infant's mother is included in\n * HIV.E.DE115: Sex worker | Infant's mother is a sex worker\n * HIV.E.DE116: People who inject drugs | Infant's mother is a person who injects drugs\n * HIV.E.DE117: Trans and gender-diverse people | Infant's mother identifies as trans and gender-diverse\n * HIV.E.DE118: People living in prisons and other closed setting | Infant's mother is in a prison or closed setting\n * HIV.H.DE47: On ART | Client is currently taking ART \n * HIV.SRV.DE6: ART start date | The date on which the client started or restarted antiretroviral therapy (ART)\n * HIV.Config.DE19: Other priority populations | Other populations of priority of HIV prevention and care in local context (provided during adaptation)\n *\n * Additional Context\n * - what it measures: This indicator measures the expansion of ART programmes.\n * - rationale: • Monitoring trends in new ART patients provides managers with important information for forecasting the need for ARV and allocation of staff to ensure quality of care for ART. | • Initiation of ART is one of the sentinel events for HIV surveillance.\n * - method: HIV patient monitoring tools (for example, patient records/EMRs, ART registers).  |  | The recommended reporting period is 12 months. \n * \n * Suggested Scoring Method: continuous-variable | http://hl7.org/fhir/us/cqfmeasures/StructureDefinition/cv-measure-cqfm\n */\n\n","library HIVIND30Logic" ]
            } ]
         }
      } ],
      "identifier" : {
         "id" : "HIVIND30Logic",
         "system" : "https://IntelliSOFT-Consulting.github.io/HIV-FHIR-IG"
      },
      "schemaIdentifier" : {
         "id" : "urn:hl7-org:elm",
         "version" : "r1"
      },
      "usings" : {
         "def" : [ {
            "localId" : "1",
            "localIdentifier" : "System",
            "uri" : "urn:hl7-org:elm-types:r1"
         }, {
            "localId" : "206",
            "locator" : "73:1-73:26",
            "localIdentifier" : "FHIR",
            "uri" : "http://hl7.org/fhir",
            "version" : "4.0.1",
            "annotation" : [ {
               "type" : "Annotation",
               "s" : {
                  "r" : "206",
                  "s" : [ {
                     "value" : [ "// Included Libraries\n","using " ]
                  }, {
                     "s" : [ {
                        "value" : [ "FHIR" ]
                     } ]
                  }, {
                     "value" : [ " version '4.0.1'" ]
                  } ]
               }
            } ]
         } ]
      },
      "includes" : {
         "def" : [ {
            "localId" : "207",
            "locator" : "75:1-75:44",
            "localIdentifier" : "HIC",
            "path" : "https://IntelliSOFT-Consulting.github.io/HIV-FHIR-IG/HIVCommon",
            "version" : "0.0.1",
            "annotation" : [ {
               "type" : "Annotation",
               "s" : {
                  "r" : "207",
                  "s" : [ {
                     "value" : [ "","include " ]
                  }, {
                     "s" : [ {
                        "value" : [ "HIVCommon" ]
                     } ]
                  }, {
                     "value" : [ " version ","'0.0.1'"," called ","HIC" ]
                  } ]
               }
            } ]
         }, {
            "localId" : "208",
            "locator" : "76:1-76:35",
            "localIdentifier" : "FHIRHelpers",
            "path" : "https://IntelliSOFT-Consulting.github.io/HIV-FHIR-IG/FHIRHelpers",
            "version" : "4.0.1",
            "annotation" : [ {
               "type" : "Annotation",
               "s" : {
                  "r" : "208",
                  "s" : [ {
                     "value" : [ "","include " ]
                  }, {
                     "s" : [ {
                        "value" : [ "FHIRHelpers" ]
                     } ]
                  }, {
                     "value" : [ " version ","'4.0.1'" ]
                  } ]
               }
            } ]
         }, {
            "localId" : "209",
            "locator" : "77:1-77:29",
            "localIdentifier" : "WCom",
            "path" : "https://IntelliSOFT-Consulting.github.io/HIV-FHIR-IG/WHOCommon",
            "annotation" : [ {
               "type" : "Annotation",
               "s" : {
                  "r" : "209",
                  "s" : [ {
                     "value" : [ "","include " ]
                  }, {
                     "s" : [ {
                        "value" : [ "WHOCommon" ]
                     } ]
                  }, {
                     "value" : [ " called ","WCom" ]
                  } ]
               }
            } ]
         }, {
            "localId" : "210",
            "locator" : "78:1-78:29",
            "localIdentifier" : "HE",
            "path" : "https://IntelliSOFT-Consulting.github.io/HIV-FHIR-IG/HIVElements",
            "annotation" : [ {
               "type" : "Annotation",
               "s" : {
                  "r" : "210",
                  "s" : [ {
                     "value" : [ "","include " ]
                  }, {
                     "s" : [ {
                        "value" : [ "HIVElements" ]
                     } ]
                  }, {
                     "value" : [ " called ","HE" ]
                  } ]
               }
            } ]
         }, {
            "localId" : "211",
            "locator" : "79:1-79:39",
            "localIdentifier" : "HIE",
            "path" : "https://IntelliSOFT-Consulting.github.io/HIV-FHIR-IG/HIVIndicatorElements",
            "annotation" : [ {
               "type" : "Annotation",
               "s" : {
                  "r" : "211",
                  "s" : [ {
                     "value" : [ "","include " ]
                  }, {
                     "s" : [ {
                        "value" : [ "HIVIndicatorElements" ]
                     } ]
                  }, {
                     "value" : [ " called ","HIE" ]
                  } ]
               }
            } ]
         } ]
      },
      "parameters" : {
         "def" : [ {
            "localId" : "212",
            "locator" : "82:1-82:88",
            "name" : "Measurement Period",
            "accessLevel" : "Public",
            "annotation" : [ {
               "type" : "Annotation",
               "s" : {
                  "r" : "212",
                  "s" : [ {
                     "value" : [ "// Indicator Definition\n","parameter ","\"Measurement Period\""," " ]
                  }, {
                     "r" : "224",
                     "s" : [ {
                        "value" : [ "Interval<" ]
                     }, {
                        "r" : "225",
                        "s" : [ {
                           "value" : [ "Date" ]
                        } ]
                     }, {
                        "value" : [ ">" ]
                     } ]
                  }, {
                     "value" : [ " default " ]
                  }, {
                     "r" : "223",
                     "s" : [ {
                        "r" : "217",
                        "value" : [ "Interval[","@2023-01-01",", ","@2023-01-30","]" ]
                     } ]
                  } ]
               }
            } ],
            "default" : {
               "localId" : "223",
               "locator" : "82:55-82:88",
               "lowClosed" : true,
               "highClosed" : true,
               "type" : "Interval",
               "low" : {
                  "localId" : "217",
                  "locator" : "82:64-82:74",
                  "type" : "Date",
                  "signature" : [ ],
                  "year" : {
                     "localId" : "214",
                     "valueType" : "{urn:hl7-org:elm-types:r1}Integer",
                     "value" : "2023",
                     "type" : "Literal"
                  },
                  "month" : {
                     "localId" : "215",
                     "valueType" : "{urn:hl7-org:elm-types:r1}Integer",
                     "value" : "1",
                     "type" : "Literal"
                  },
                  "day" : {
                     "localId" : "216",
                     "valueType" : "{urn:hl7-org:elm-types:r1}Integer",
                     "value" : "1",
                     "type" : "Literal"
                  }
               },
               "high" : {
                  "localId" : "222",
                  "locator" : "82:77-82:87",
                  "type" : "Date",
                  "signature" : [ ],
                  "year" : {
                     "localId" : "219",
                     "valueType" : "{urn:hl7-org:elm-types:r1}Integer",
                     "value" : "2023",
                     "type" : "Literal"
                  },
                  "month" : {
                     "localId" : "220",
                     "valueType" : "{urn:hl7-org:elm-types:r1}Integer",
                     "value" : "1",
                     "type" : "Literal"
                  },
                  "day" : {
                     "localId" : "221",
                     "valueType" : "{urn:hl7-org:elm-types:r1}Integer",
                     "value" : "30",
                     "type" : "Literal"
                  }
               }
            },
            "parameterTypeSpecifier" : {
               "localId" : "224",
               "locator" : "82:32-82:45",
               "type" : "IntervalTypeSpecifier",
               "pointType" : {
                  "localId" : "225",
                  "locator" : "82:41-82:44",
                  "name" : "{urn:hl7-org:elm-types:r1}Date",
                  "type" : "NamedTypeSpecifier"
               }
            }
         } ]
      },
      "contexts" : {
         "def" : [ {
            "localId" : "229",
            "locator" : "84:1-84:15",
            "name" : "Patient"
         } ]
      },
      "statements" : {
         "def" : [ {
            "localId" : "227",
            "locator" : "84:1-84:15",
            "name" : "Patient",
            "context" : "Patient",
            "expression" : {
               "localId" : "228",
               "type" : "SingletonFrom",
               "signature" : [ ],
               "operand" : {
                  "localId" : "226",
                  "locator" : "84:1-84:15",
                  "dataType" : "{http://hl7.org/fhir}Patient",
                  "templateId" : "http://hl7.org/fhir/StructureDefinition/Patient",
                  "type" : "Retrieve",
                  "include" : [ ],
                  "codeFilter" : [ ],
                  "dateFilter" : [ ],
                  "otherFilter" : [ ]
               }
            }
         }, {
            "localId" : "231",
            "locator" : "86:1-88:96",
            "name" : "Measure Population",
            "context" : "Patient",
            "accessLevel" : "Public",
            "annotation" : [ {
               "type" : "Annotation",
               "s" : {
                  "r" : "231",
                  "s" : [ {
                     "value" : [ "","define ","\"Measure Population\"",":\n  " ]
                  }, {
                     "r" : "232",
                     "s" : [ {
                        "r" : "234",
                        "s" : [ {
                           "r" : "233",
                           "s" : [ {
                              "value" : [ "HIE" ]
                           } ]
                        }, {
                           "value" : [ "." ]
                        }, {
                           "r" : "234",
                           "s" : [ {
                              "value" : [ "\"Has HIV-positive Status\"" ]
                           } ]
                        } ]
                     }, {
                        "value" : [ " \n   and " ]
                     }, {
                        "r" : "254",
                        "s" : [ {
                           "value" : [ "(" ]
                        }, {
                           "r" : "254",
                           "s" : [ {
                              "r" : "235",
                              "s" : [ {
                                 "value" : [ "date from " ]
                              }, {
                                 "r" : "236",
                                 "s" : [ {
                                    "value" : [ "start of " ]
                                 }, {
                                    "r" : "240",
                                    "s" : [ {
                                       "r" : "239",
                                       "s" : [ {
                                          "r" : "238",
                                          "s" : [ {
                                             "r" : "237",
                                             "s" : [ {
                                                "value" : [ "HE" ]
                                             } ]
                                          }, {
                                             "value" : [ "." ]
                                          }, {
                                             "r" : "238",
                                             "s" : [ {
                                                "value" : [ "\"First On ART\"" ]
                                             } ]
                                          } ]
                                       }, {
                                          "value" : [ "." ]
                                       }, {
                                          "r" : "239",
                                          "s" : [ {
                                             "value" : [ "effective" ]
                                          } ]
                                       } ]
                                    }, {
                                       "value" : [ "." ]
                                    }, {
                                       "r" : "240",
                                       "s" : [ {
                                          "value" : [ "toInterval","()" ]
                                       } ]
                                    } ]
                                 } ]
                              } ]
                           }, {
                              "r" : "254",
                              "value" : [ " ","during"," " ]
                           }, {
                              "r" : "252",
                              "s" : [ {
                                 "value" : [ "\"Measurement Period\"" ]
                              } ]
                           } ]
                        }, {
                           "value" : [ ")" ]
                        } ]
                     } ]
                  } ]
               }
            } ],
            "expression" : {
               "localId" : "232",
               "locator" : "87:3-88:96",
               "type" : "And",
               "signature" : [ {
                  "localId" : "258",
                  "name" : "{urn:hl7-org:elm-types:r1}Boolean",
                  "type" : "NamedTypeSpecifier"
               }, {
                  "localId" : "259",
                  "name" : "{urn:hl7-org:elm-types:r1}Boolean",
                  "type" : "NamedTypeSpecifier"
               } ],
               "operand" : [ {
                  "localId" : "234",
                  "locator" : "87:3-87:31",
                  "name" : "Has HIV-positive Status",
                  "libraryName" : "HIE",
                  "type" : "ExpressionRef"
               }, {
                  "localId" : "254",
                  "locator" : "88:8-88:96",
                  "type" : "In",
                  "signature" : [ {
                     "localId" : "255",
                     "name" : "{urn:hl7-org:elm-types:r1}Date",
                     "type" : "NamedTypeSpecifier"
                  }, {
                     "localId" : "256",
                     "type" : "IntervalTypeSpecifier",
                     "pointType" : {
                        "localId" : "257",
                        "name" : "{urn:hl7-org:elm-types:r1}Date",
                        "type" : "NamedTypeSpecifier"
                     }
                  } ],
                  "operand" : [ {
                     "localId" : "235",
                     "locator" : "88:9-88:67",
                     "type" : "DateFrom",
                     "signature" : [ {
                        "localId" : "251",
                        "name" : "{urn:hl7-org:elm-types:r1}DateTime",
                        "type" : "NamedTypeSpecifier"
                     } ],
                     "operand" : {
                        "localId" : "236",
                        "locator" : "88:19-88:67",
                        "type" : "Start",
                        "signature" : [ {
                           "localId" : "249",
                           "type" : "IntervalTypeSpecifier",
                           "pointType" : {
                              "localId" : "250",
                              "name" : "{urn:hl7-org:elm-types:r1}DateTime",
                              "type" : "NamedTypeSpecifier"
                           }
                        } ],
                        "operand" : {
                           "localId" : "240",
                           "locator" : "88:28-88:67",
                           "name" : "toInterval",
                           "libraryName" : "WCom",
                           "type" : "FunctionRef",
                           "signature" : [ {
                              "localId" : "241",
                              "type" : "ChoiceTypeSpecifier",
                              "type" : [ ],
                              "choice" : [ {
                                 "localId" : "242",
                                 "name" : "{http://hl7.org/fhir}dateTime",
                                 "type" : "NamedTypeSpecifier"
                              }, {
                                 "localId" : "243",
                                 "name" : "{http://hl7.org/fhir}Period",
                                 "type" : "NamedTypeSpecifier"
                              }, {
                                 "localId" : "244",
                                 "name" : "{http://hl7.org/fhir}Timing",
                                 "type" : "NamedTypeSpecifier"
                              }, {
                                 "localId" : "245",
                                 "name" : "{http://hl7.org/fhir}instant",
                                 "type" : "NamedTypeSpecifier"
                              }, {
                                 "localId" : "246",
                                 "name" : "{http://hl7.org/fhir}string",
                                 "type" : "NamedTypeSpecifier"
                              }, {
                                 "localId" : "247",
                                 "name" : "{http://hl7.org/fhir}Age",
                                 "type" : "NamedTypeSpecifier"
                              }, {
                                 "localId" : "248",
                                 "name" : "{http://hl7.org/fhir}Range",
                                 "type" : "NamedTypeSpecifier"
                              } ]
                           } ],
                           "operand" : [ {
                              "localId" : "239",
                              "locator" : "88:28-88:54",
                              "path" : "effective",
                              "type" : "Property",
                              "source" : {
                                 "localId" : "238",
                                 "locator" : "88:28-88:44",
                                 "name" : "First On ART",
                                 "libraryName" : "HE",
                                 "type" : "ExpressionRef"
                              }
                           } ]
                        }
                     }
                  }, {
                     "localId" : "252",
                     "locator" : "88:76-88:95",
                     "name" : "Measurement Period",
                     "type" : "ParameterRef"
                  } ]
               } ]
            }
         }, {
            "localId" : "261",
            "locator" : "93:1-94:6",
            "name" : "Initial Population",
            "context" : "Patient",
            "accessLevel" : "Public",
            "annotation" : [ {
               "type" : "Annotation",
               "s" : {
                  "r" : "261",
                  "s" : [ {
                     "r" : "262",
                     "value" : [ "/*\n * As defined by Member States\n */\n","define ","\"Initial Population\"",":\n  ","true" ]
                  } ]
               }
            } ],
            "expression" : {
               "localId" : "262",
               "locator" : "94:3-94:6",
               "valueType" : "{urn:hl7-org:elm-types:r1}Boolean",
               "value" : "true",
               "type" : "Literal"
            }
         }, {
            "localId" : "263",
            "locator" : "100:1-101:3",
            "name" : "Measure Observation",
            "context" : "Patient",
            "accessLevel" : "Public",
            "type" : "FunctionDef",
            "annotation" : [ {
               "type" : "Annotation",
               "s" : {
                  "r" : "263",
                  "s" : [ {
                     "value" : [ "/*\n * NOTE: Modeled as a Continuous Variable measure because this is an estimated denominator proportion measure\n */\n\n","define function \"Measure Observation\"(Patient \"Patient\"):\n  " ]
                  }, {
                     "r" : "266",
                     "s" : [ {
                        "r" : "266",
                        "value" : [ "1" ]
                     } ]
                  } ]
               }
            } ],
            "expression" : {
               "localId" : "266",
               "locator" : "101:3",
               "valueType" : "{urn:hl7-org:elm-types:r1}Integer",
               "value" : "1",
               "type" : "Literal"
            },
            "operand" : [ {
               "localId" : "265",
               "name" : "Patient",
               "operandTypeSpecifier" : {
                  "localId" : "264",
                  "locator" : "100:47-100:55",
                  "name" : "{http://hl7.org/fhir}Patient",
                  "type" : "NamedTypeSpecifier"
               }
            } ]
         }, {
            "localId" : "268",
            "locator" : "108:1-109:42",
            "name" : "Administrative Gender Stratifier",
            "context" : "Patient",
            "accessLevel" : "Public",
            "annotation" : [ {
               "type" : "Annotation",
               "s" : {
                  "r" : "268",
                  "s" : [ {
                     "value" : [ "/*\n * Disaggregators\n */\n\n","define ","\"Administrative Gender Stratifier\"",":\n\t" ]
                  }, {
                     "r" : "270",
                     "s" : [ {
                        "r" : "269",
                        "s" : [ {
                           "value" : [ "HIE" ]
                        } ]
                     }, {
                        "value" : [ "." ]
                     }, {
                        "r" : "270",
                        "s" : [ {
                           "value" : [ "\"By Administrative Gender Stratifier\"" ]
                        } ]
                     } ]
                  } ]
               }
            } ],
            "expression" : {
               "localId" : "270",
               "locator" : "109:2-109:42",
               "name" : "By Administrative Gender Stratifier",
               "libraryName" : "HIE",
               "type" : "ExpressionRef"
            }
         }, {
            "localId" : "272",
            "locator" : "111:1-112:24",
            "name" : "Age Stratifier",
            "context" : "Patient",
            "accessLevel" : "Public",
            "annotation" : [ {
               "type" : "Annotation",
               "s" : {
                  "r" : "272",
                  "s" : [ {
                     "value" : [ "","define ","\"Age Stratifier\"",":\n\t" ]
                  }, {
                     "r" : "274",
                     "s" : [ {
                        "r" : "273",
                        "s" : [ {
                           "value" : [ "HIE" ]
                        } ]
                     }, {
                        "value" : [ "." ]
                     }, {
                        "r" : "274",
                        "s" : [ {
                           "value" : [ "\"By Age Stratifier\"" ]
                        } ]
                     } ]
                  } ]
               }
            } ],
            "expression" : {
               "localId" : "274",
               "locator" : "112:2-112:24",
               "name" : "By Age Stratifier",
               "libraryName" : "HIE",
               "type" : "ExpressionRef"
            }
         }, {
            "localId" : "276",
            "locator" : "114:1-115:38",
            "name" : "Geographic Region Stratifier",
            "context" : "Patient",
            "accessLevel" : "Public",
            "annotation" : [ {
               "type" : "Annotation",
               "s" : {
                  "r" : "276",
                  "s" : [ {
                     "value" : [ "","define ","\"Geographic Region Stratifier\"",":\n\t" ]
                  }, {
                     "r" : "278",
                     "s" : [ {
                        "r" : "277",
                        "s" : [ {
                           "value" : [ "HIE" ]
                        } ]
                     }, {
                        "value" : [ "." ]
                     }, {
                        "r" : "278",
                        "s" : [ {
                           "value" : [ "\"By Geographic Region Stratifier\"" ]
                        } ]
                     } ]
                  } ]
               }
            } ],
            "expression" : {
               "localId" : "278",
               "locator" : "115:2-115:38",
               "name" : "By Geographic Region Stratifier",
               "libraryName" : "HIE",
               "type" : "ExpressionRef"
            }
         }, {
            "localId" : "280",
            "locator" : "117:1-118:20",
            "name" : "patientGroups Stratifier",
            "context" : "Patient",
            "accessLevel" : "Public",
            "annotation" : [ {
               "type" : "Annotation",
               "s" : {
                  "r" : "280",
                  "s" : [ {
                     "value" : [ "","define ","\"patientGroups Stratifier\"",":\n\t" ]
                  }, {
                     "r" : "282",
                     "s" : [ {
                        "r" : "281",
                        "s" : [ {
                           "value" : [ "HIE" ]
                        } ]
                     }, {
                        "value" : [ "." ]
                     }, {
                        "r" : "282",
                        "s" : [ {
                           "value" : [ "\"patientGroups\"" ]
                        } ]
                     } ]
                  } ]
               }
            } ],
            "expression" : {
               "localId" : "282",
               "locator" : "118:2-118:20",
               "name" : "patientGroups",
               "libraryName" : "HIE",
               "type" : "ExpressionRef"
            }
         }, {
            "localId" : "284",
            "locator" : "120:1-124:33",
            "name" : "Stratification",
            "context" : "Patient",
            "accessLevel" : "Public",
            "annotation" : [ {
               "type" : "Annotation",
               "s" : {
                  "r" : "284",
                  "s" : [ {
                     "value" : [ "","define ","\"Stratification\"",":\n " ]
                  }, {
                     "r" : "327",
                     "s" : [ {
                        "r" : "312",
                        "s" : [ {
                           "r" : "305",
                           "s" : [ {
                              "r" : "301",
                              "s" : [ {
                                 "r" : "296",
                                 "s" : [ {
                                    "r" : "292",
                                    "s" : [ {
                                       "r" : "291",
                                       "s" : [ {
                                          "r" : "290",
                                          "s" : [ {
                                             "value" : [ "HIE" ]
                                          } ]
                                       }, {
                                          "value" : [ "." ]
                                       }, {
                                          "r" : "291",
                                          "s" : [ {
                                             "value" : [ "\"By Administrative Gender Stratifier\"" ]
                                          } ]
                                       } ]
                                    }, {
                                       "value" : [ "." ]
                                    }, {
                                       "r" : "292",
                                       "s" : [ {
                                          "value" : [ "code" ]
                                       } ]
                                    } ]
                                 }, {
                                    "value" : [ " \n  + " ]
                                 }, {
                                    "r" : "293",
                                    "s" : [ {
                                       "value" : [ "':'" ]
                                    } ]
                                 } ]
                              }, {
                                 "value" : [ " + " ]
                              }, {
                                 "r" : "298",
                                 "s" : [ {
                                    "r" : "297",
                                    "s" : [ {
                                       "value" : [ "HIE" ]
                                    } ]
                                 }, {
                                    "value" : [ "." ]
                                 }, {
                                    "r" : "298",
                                    "s" : [ {
                                       "value" : [ "\"By Age Stratifier\"" ]
                                    } ]
                                 } ]
                              } ]
                           }, {
                              "value" : [ "\n+ " ]
                           }, {
                              "r" : "302",
                              "s" : [ {
                                 "value" : [ "':'" ]
                              } ]
                           } ]
                        }, {
                           "value" : [ " + " ]
                        }, {
                           "r" : "307",
                           "s" : [ {
                              "r" : "306",
                              "s" : [ {
                                 "value" : [ "HIE" ]
                              } ]
                           }, {
                              "value" : [ "." ]
                           }, {
                              "r" : "307",
                              "s" : [ {
                                 "value" : [ "\"By Geographic Region Stratifier\"" ]
                              } ]
                           } ]
                        } ]
                     }, {
                        "value" : [ "\n+ " ]
                     }, {
                        "r" : "321",
                        "s" : [ {
                           "value" : [ "Combine","(" ]
                        }, {
                           "r" : "314",
                           "s" : [ {
                              "r" : "313",
                              "s" : [ {
                                 "value" : [ "HIE" ]
                              } ]
                           }, {
                              "value" : [ "." ]
                           }, {
                              "r" : "314",
                              "s" : [ {
                                 "value" : [ "patientGroups" ]
                              } ]
                           } ]
                        }, {
                           "value" : [ ", " ]
                        }, {
                           "r" : "315",
                           "s" : [ {
                              "value" : [ "':'" ]
                           } ]
                        }, {
                           "value" : [ ")" ]
                        } ]
                     } ]
                  } ]
               }
            } ],
            "expression" : {
               "localId" : "327",
               "locator" : "121:2-124:33",
               "type" : "Concatenate",
               "signature" : [ ],
               "operand" : [ {
                  "localId" : "312",
                  "locator" : "121:2-123:45",
                  "type" : "Concatenate",
                  "signature" : [ ],
                  "operand" : [ {
                     "localId" : "305",
                     "locator" : "121:2-123:5",
                     "type" : "Concatenate",
                     "signature" : [ ],
                     "operand" : [ {
                        "localId" : "301",
                        "locator" : "121:2-122:33",
                        "type" : "Concatenate",
                        "signature" : [ ],
                        "operand" : [ {
                           "localId" : "296",
                           "locator" : "121:2-122:7",
                           "type" : "Concatenate",
                           "signature" : [ ],
                           "operand" : [ {
                              "localId" : "292",
                              "locator" : "121:2-121:47",
                              "path" : "code",
                              "type" : "Property",
                              "source" : {
                                 "localId" : "291",
                                 "locator" : "121:2-121:42",
                                 "name" : "By Administrative Gender Stratifier",
                                 "libraryName" : "HIE",
                                 "type" : "ExpressionRef"
                              }
                           }, {
                              "localId" : "293",
                              "locator" : "122:5-122:7",
                              "valueType" : "{urn:hl7-org:elm-types:r1}String",
                              "value" : ":",
                              "type" : "Literal"
                           } ]
                        }, {
                           "localId" : "298",
                           "locator" : "122:11-122:33",
                           "name" : "By Age Stratifier",
                           "libraryName" : "HIE",
                           "type" : "ExpressionRef"
                        } ]
                     }, {
                        "localId" : "302",
                        "locator" : "123:3-123:5",
                        "valueType" : "{urn:hl7-org:elm-types:r1}String",
                        "value" : ":",
                        "type" : "Literal"
                     } ]
                  }, {
                     "localId" : "308",
                     "name" : "ToString",
                     "libraryName" : "FHIRHelpers",
                     "type" : "FunctionRef",
                     "signature" : [ {
                        "localId" : "309",
                        "name" : "{http://hl7.org/fhir}string",
                        "type" : "NamedTypeSpecifier"
                     } ],
                     "operand" : [ {
                        "localId" : "307",
                        "locator" : "123:9-123:45",
                        "name" : "By Geographic Region Stratifier",
                        "libraryName" : "HIE",
                        "type" : "ExpressionRef"
                     } ]
                  } ]
               }, {
                  "localId" : "321",
                  "locator" : "124:3-124:33",
                  "type" : "Combine",
                  "signature" : [ {
                     "localId" : "322",
                     "type" : "ListTypeSpecifier",
                     "elementType" : {
                        "localId" : "323",
                        "name" : "{urn:hl7-org:elm-types:r1}String",
                        "type" : "NamedTypeSpecifier"
                     }
                  }, {
                     "localId" : "324",
                     "name" : "{urn:hl7-org:elm-types:r1}String",
                     "type" : "NamedTypeSpecifier"
                  } ],
                  "source" : {
                     "localId" : "314",
                     "locator" : "124:11-124:27",
                     "name" : "patientGroups",
                     "libraryName" : "HIE",
                     "type" : "ExpressionRef"
                  },
                  "separator" : {
                     "localId" : "315",
                     "locator" : "124:30-124:32",
                     "valueType" : "{urn:hl7-org:elm-types:r1}String",
                     "value" : ":",
                     "type" : "Literal"
                  }
               } ]
            }
         } ]
      }
   }
}