<?xml version="1.0" encoding="UTF-8"?>

<Patient xmlns="http://hl7.org/fhir">
  <id value="PatientProfileExample"/>
  <meta>
    <profile value="https://IntelliSOFT-Consulting.github.io/HIV-FHIR-IG/StructureDefinition/PatientProfile"/>
  </meta>
  <text>
    <status value="generated"/><div xmlns="http://www.w3.org/1999/xhtml"><p class="res-header-id"><b>Generated Narrative: Patient PatientProfileExample</b></p><a name="PatientProfileExample"> </a><a name="hcPatientProfileExample"> </a><a name="PatientProfileExample-en-US"> </a><p style="border: 1px #661aff solid; background-color: #e6e6ff; padding: 10px;">James Pond  (no stated gender), DoB Unknown</p><hr/></div>
  </text>
  <name>
    <family value="Pond"/>
    <given value="James"/>
  </name>
</Patient>