{
  "package": "fhir.hivfhirIg",
  "version": "0.1.0",
  "fhirVersion": "4.0.1",
  "extensions": [],
  "profiles": {
    "Condition": [
      {
        "url": "https://IntelliSOFT-Consulting.github.io/HIV-FHIR-IG/StructureDefinition/ConditionProfile",
        "title": "ConditionProfile"
      }
    ],
    "DiagnosticReport": [
      {
        "url": "https://IntelliSOFT-Consulting.github.io/HIV-FHIR-IG/StructureDefinition/DiagnosticReportProfile",
        "title": "DiagnosticReportProfile"
      }
    ],
    "Encounter": [
      {
        "url": "https://IntelliSOFT-Consulting.github.io/HIV-FHIR-IG/StructureDefinition/EncounterProfile",
        "title": "EncounterProfile"
      }
    ],
    "Medication": [
      {
        "url": "https://IntelliSOFT-Consulting.github.io/HIV-FHIR-IG/StructureDefinition/MedicationProfile",
        "title": "MedicationProfile"
      }
    ],
    "Observation": [
      {
        "url": "https://IntelliSOFT-Consulting.github.io/HIV-FHIR-IG/StructureDefinition/ObservationProfile",
        "title": "ObservationProfile"
      }
    ],
    "Patient": [
      {
        "url": "https://IntelliSOFT-Consulting.github.io/HIV-FHIR-IG/StructureDefinition/PatientProfile",
        "title": "PatientProfile"
      }
    ]
  },
  "usage": {
    "http://hl7.org/fhir/StructureDefinition/cqf-cqlOptions": [
      "Library"
    ],
    "http://hl7.org/fhir/StructureDefinition/cqf-knowledgeCapability": [
      "Library"
    ],
    "http://hl7.org/fhir/StructureDefinition/elementdefinition-bestpractice": [
      "StructureDefinition.snapshot.element.constraint"
    ],
    "http://hl7.org/fhir/StructureDefinition/elementdefinition-bestpractice-explanation": [
      "StructureDefinition.snapshot.element.constraint"
    ],
    "http://hl7.org/fhir/StructureDefinition/elementdefinition-bindingName": [
      "StructureDefinition.snapshot.element.binding"
    ],
    "http://hl7.org/fhir/StructureDefinition/elementdefinition-maxValueSet": [
      "StructureDefinition.snapshot.element.binding"
    ],
    "http://hl7.org/fhir/StructureDefinition/structuredefinition-display-hint": [
      "StructureDefinition.snapshot.element"
    ],
    "http://hl7.org/fhir/StructureDefinition/structuredefinition-fhir-type": [
      "StructureDefinition.snapshot.element.type"
    ],
    "http://hl7.org/fhir/StructureDefinition/structuredefinition-fmm": [
      "ValueSet"
    ],
    "http://hl7.org/fhir/StructureDefinition/structuredefinition-hierarchy": [
      "StructureDefinition.snapshot.element.type"
    ],
    "http://hl7.org/fhir/StructureDefinition/structuredefinition-standards-status": [
      "ValueSet"
    ],
    "http://hl7.org/fhir/StructureDefinition/structuredefinition-wg": [
      "ValueSet"
    ],
    "http://hl7.org/fhir/tools/StructureDefinition/ig-internal-dependency": [
      "ImplementationGuide.definition"
    ],
    "http://hl7.org/fhir/tools/StructureDefinition/ig-page-name": [
      "ImplementationGuide.definition.page",
      "ImplementationGuide.definition.page.page",
      "ImplementationGuide.definition.page.page.page"
    ],
    "http://hl7.org/fhir/tools/StructureDefinition/ig-parameter": [
      "ImplementationGuide.definition"
    ],
    "http://hl7.org/fhir/tools/StructureDefinition/implementationguide-dependency-comment": [
      "ImplementationGuide.dependsOn"
    ],
    "http://hl7.org/fhir/tools/StructureDefinition/resource-information": [
      "ImplementationGuide.definition.resource"
    ],
    "http://hl7.org/fhir/us/cqfmeasures/StructureDefinition/cqfm-aggregateMethod": [
      "Measure.group.population"
    ],
    "http://hl7.org/fhir/us/cqfmeasures/StructureDefinition/cqfm-criteriaReference": [
      "Measure.group.population"
    ],
    "http://hl7.org/fhir/us/cqfmeasures/StructureDefinition/cqfm-directReferenceCode": [
      "Measure.contained"
    ],
    "http://hl7.org/fhir/us/cqfmeasures/StructureDefinition/cqfm-effectiveDataRequirements": [
      "Measure"
    ],
    "http://hl7.org/fhir/us/cqfmeasures/StructureDefinition/cqfm-logicDefinition": [
      "Measure.contained"
    ],
    "http://hl7.org/fhir/us/cqfmeasures/StructureDefinition/cqfm-populationBasis": [
      "Measure",
      "Measure.group.population"
    ],
    "http://hl7.org/fhir/us/cqfmeasures/StructureDefinition/cqfm-softwaresystem": [
      "Library",
      "Measure"
    ]
  }
}