<?xml version="1.0" encoding="UTF-8"?>

<ValueSet xmlns="http://hl7.org/fhir">
  <id value="pregnancy-status-value-set"/>
  <text>
    <status value="generated"/><div xmlns="http://www.w3.org/1999/xhtml"><ul><li>Include these codes as defined in <a href="http://www.snomed.org/"><code>http://snomed.info/sct</code></a><table class="none"><tr><td style="white-space:nowrap"><b>Code</b></td><td><b>Display</b></td></tr><tr><td><a href="http://snomed.info/id/77386006">77386006</a></td><td>Patient currently pregnant (finding)</td></tr><tr><td><a href="http://snomed.info/id/60001007">60001007</a></td><td>Not pregnant (finding)</td></tr></table></li></ul></div>
  </text>
  <url value="http://hl7.org/fhir/us/covid19library/ValueSet/pregnancy-status-value-set"/>
  <version value="0.1.0"/>
  <name value="PregnancyStatusVS"/>
  <title value="Pregnancy Status Value Set"/>
  <status value="active"/>
  <date value="2021-12-08T02:47:19+00:00"/>
  <publisher value="intellisoftkenya"/>
  <contact>
    <name value="intellisoftkenya"/>
    <telecom>
      <system value="url"/>
      <value value="https://www.intellisoftkenya.com/"/>
    </telecom>
  </contact>
  <description value="The set of codes that describe one's state of pregnancy."/>
  <copyright value="This value set includes content from SNOMED CT, which is copyright © 2002+ International Health Terminology Standards Development Organisation (IHTSDO), and distributed by agreement between IHTSDO and HL7. Implementer use of SNOMED CT is not covered by this agreement"/>
  <compose>
    <include>
      <system value="http://snomed.info/sct"/>
      <concept>
        <code value="77386006"/>
        <display value="Patient currently pregnant (finding)"/>
      </concept>
      <concept>
        <code value="60001007"/>
        <display value="Not pregnant (finding)"/>
      </concept>
    </include>
  </compose>
</ValueSet>