<?xml version="1.0" encoding="UTF-8"?>

<ValueSet xmlns="http://hl7.org/fhir">
  <id value="OnARV"/>
  <meta>
    <lastUpdated value="2024-07-02T08:44:37.713326Z"/>
  </meta>
  <text>
    <status value="generated"/><div xmlns="http://www.w3.org/1999/xhtml"><p class="res-header-id"><b>Generated Narrative: ValueSet OnARV</b></p><a name="OnARV"> </a><a name="hcOnARV"> </a><a name="OnARV-en-US"> </a><div style="display: inline-block; background-color: #d9e0e7; padding: 6px; margin: 4px; border: 1px solid #8da1b4; border-radius: 5px; line-height: 60%"><p style="margin-bottom: 0px">Last updated: 2024-07-02 08:44:37+0000</p></div><p>This value set includes codes based on the following rules:</p><ul><li>Include these codes as defined in <a href="http://www.snomed.org/"><code>http://snomed.info/sct</code></a><table class="none"><tr><td style="white-space:nowrap"><b>Code</b></td><td><b>Display</b></td></tr><tr><td><a href="http://snomed.info/id/432101000124108">432101000124108</a></td><td>History of antiretroviral therapy (situation)</td></tr></table></li><li>Include these codes as defined in <code>https://path-global-health.github.io/MERindicators/CodeSystem/OpenHIE</code><table class="none"><tr><td style="white-space:nowrap"><b>Code</b></td><td><b>Display</b></td></tr><tr><td>432101000124108</td><td>History of antiretroviral therapy (situation)</td></tr></table></li><li>Include these codes as defined in <code>https://cielterminology.org</code><table class="none"><tr><td style="white-space:nowrap"><b>Code</b></td><td><b>Display</b></td></tr><tr><td>160119</td><td>CURRENTLY TAKING ARV</td></tr></table></li></ul></div>
  </text>
  <url value="https://IntelliSOFT-Consulting.github.io/HIV-FHIR-IG/ValueSet/OnARV"/>
  <identifier>
    <type>
      <coding>
        <system value="http://hl7.org/fhir/v2/0203"/>
        <code value="ACSN"/>
        <display value="Accession ID"/>
      </coding>
      <text value="Accession ID"/>
    </type>
    <system value="https://api.staging.openconceptlab.org"/>
    <value value="/orgs/Kenya_SMART_Guidelines/ValueSet/OnARV/"/>
  </identifier>
  <version value="0.1.0"/>
  <name value="OnARV"/>
  <title value="History of antiretroviral therapy (situation)"/>
  <status value="active"/>
  <experimental value="true"/>
  <date value="2023-09-01T00:14:22Z"/>
  <publisher value="intellisoftkenya"/>
  <contact>
    <name value="intellisoftkenya"/>
    <telecom>
      <system value="url"/>
      <value value="https://www.intellisoftkenya.com/"/>
    </telecom>
  </contact>
  <description value="0.1.1"/>
  <compose>
    <include>
      <system value="http://snomed.info/sct"/>
      <concept>
        <code value="432101000124108"/>
        <display value="History of antiretroviral therapy (situation)"/>
      </concept>
    </include>
    <include>
      <system value="https://path-global-health.github.io/MERindicators/CodeSystem/OpenHIE"/>
      <concept>
        <code value="432101000124108"/>
        <display value="History of antiretroviral therapy (situation)"/>
      </concept>
    </include>
    <include>
      <system value="https://cielterminology.org"/>
      <concept>
        <code value="160119"/>
        <display value="CURRENTLY TAKING ARV"/>
      </concept>
    </include>
  </compose>
</ValueSet>