{
  "resourceType" : "ValueSet",
  "id" : "transfer.in",
  "meta" : {
    "lastUpdated" : "2024-07-02T09:14:51.685596Z"
  },
  "text" : {
    "status" : "generated",
    "div" : "<div xmlns=\"http://www.w3.org/1999/xhtml\"><p class=\"res-header-id\"><b>Generated Narrative: ValueSet transfer.in</b></p><a name=\"transfer.in\"> </a><a name=\"hctransfer.in\"> </a><a name=\"transfer.in-en-US\"> </a><div style=\"display: inline-block; background-color: #d9e0e7; padding: 6px; margin: 4px; border: 1px solid #8da1b4; border-radius: 5px; line-height: 60%\"><p style=\"margin-bottom: 0px\">Last updated: 2024-07-02 09:14:51+0000</p></div><ul><li>Include these codes as defined in <code>https://app.staging.openconceptlab.org/transfer.in</code><table class=\"none\"><tr><td style=\"white-space:nowrap\"><b>Code</b></td><td><b>Display</b></td></tr><tr><td>1065</td><td/></tr><tr><td>1066</td><td/></tr><tr><td>9860127</td><td/></tr><tr><td>9860129</td><td/></tr></table></li></ul></div>"
  },
  "url" : "https://IntelliSOFT-Consulting.github.io/HIV-FHIR-IG/ValueSet/transfer.in",
  "identifier" : [{
    "type" : {
      "coding" : [{
        "system" : "http://hl7.org/fhir/v2/0203",
        "code" : "ACSN",
        "display" : "Accession ID"
      }],
      "text" : "Accession ID"
    },
    "system" : "https://api.staging.openconceptlab.org",
    "value" : "/orgs/Kenya_SMART_Guidelines/ValueSet/transfer.in/"
  }],
  "version" : "0.1.0",
  "name" : "Transfer in",
  "title" : "Transfer in",
  "status" : "active",
  "date" : "2025-01-15T14:05:09+00:00",
  "publisher" : "intellisoftkenya",
  "contact" : [{
    "name" : "intellisoftkenya",
    "telecom" : [{
      "system" : "url",
      "value" : "https://www.intellisoftkenya.com/"
    }]
  }],
  "description" : "0.1.1",
  "compose" : {
    "include" : [{
      "system" : "https://app.staging.openconceptlab.org/transfer.in",
      "concept" : [{
        "code" : "1065"
      },
      {
        "code" : "1066"
      },
      {
        "code" : "9860127"
      },
      {
        "code" : "9860129"
      }]
    }]
  }
}