{"resourceType":"CodeSystem","id":"CIEL","meta":{"lastUpdated":"2024-06-10T13:12:40.540000Z"},"language":"en","text":{"status":"generated","div":"<div xmlns=\"http://www.w3.org/1999/xhtml\" xml:lang=\"en\" lang=\"en\"><p class=\"res-header-id\"><b>Generated Narrative: CodeSystem CIEL</b></p><a name=\"CIEL\"> </a><a name=\"hcCIEL\"> </a><a name=\"CIEL-en-US\"> </a><div style=\"display: inline-block; background-color: #d9e0e7; padding: 6px; margin: 4px; border: 1px solid #8da1b4; border-radius: 5px; line-height: 60%\"><p style=\"margin-bottom: 0px\">Last updated: 2024-06-10 13:12:40+0000; Language: en</p></div><p><b>Properties</b></p><p><b>This code system defines the following properties for its concepts</b></p><table class=\"grid\"><tr><td><b>Name</b></td><td><b>Code</b></td><td><b>URI</b></td><td><b>Type</b></td><td><b>Description</b></td></tr><tr><td>conceptclass</td><td>conceptclass</td><td>https://api.staging.openconceptlab.org/orgs/OCL/sources/Classes/concepts</td><td>string</td><td>Standard list of concept classes.</td></tr><tr><td>datatype</td><td>datatype</td><td>https://api.staging.openconceptlab.org/orgs/OCL/sources/Datatypes/concepts</td><td>string</td><td>Standard list of concept datatypes.</td></tr><tr><td>inactive</td><td>inactive</td><td>http://hl7.org/fhir/concept-properties</td><td>Coding</td><td>True if the concept is not considered active.</td></tr></table><p><b>Concepts</b></p><p>This case-insensitive code system <code>https://IntelliSOFT-Consulting.github.io/HIV-FHIR-IG/CodeSystem/CIEL</code> defines the following codes:</p><table class=\"codes\"><tr><td style=\"white-space:nowrap\"><b>Code</b></td><td><b>Display</b></td><td><b>Definition</b></td></tr><tr><td style=\"white-space:nowrap\">1065<a name=\"CIEL-1065\"> </a></td><td>YES</td><td/></tr><tr><td style=\"white-space:nowrap\">1066<a name=\"CIEL-1066\"> </a></td><td>NO</td><td/></tr><tr><td style=\"white-space:nowrap\">1067<a name=\"CIEL-1067\"> </a></td><td>Unknown</td><td/></tr><tr><td style=\"white-space:nowrap\">1434<a name=\"CIEL-1434\"> </a></td><td>Currently pregnant</td><td/></tr><tr><td style=\"white-space:nowrap\">138405<a name=\"CIEL-138405\"> </a></td><td>Human immunodeficiency virus (HIV) disease</td><td/></tr><tr><td style=\"white-space:nowrap\">160119<a name=\"CIEL-160119\"> </a></td><td>CURRENTLY TAKING ARV</td><td/></tr><tr><td style=\"white-space:nowrap\">116128<a name=\"CIEL-116128\"> </a></td><td>Malaria</td><td/></tr><tr><td style=\"white-space:nowrap\">160540<a name=\"CIEL-160540\"> </a></td><td>Method of enrollment</td><td/></tr><tr><td style=\"white-space:nowrap\">160542<a name=\"CIEL-160542\"> </a></td><td>Outpatient department</td><td/></tr><tr><td style=\"white-space:nowrap\">1193<a name=\"CIEL-1193\"> </a></td><td>CURRENT DRUGS USED</td><td/></tr><tr><td style=\"white-space:nowrap\">5096<a name=\"CIEL-5096\"> </a></td><td>RETURN VISIT DATE</td><td/></tr><tr><td style=\"white-space:nowrap\">160104<a name=\"CIEL-160104\"> </a></td><td>Efavirenz / Lamivudine / Stavudine</td><td/></tr><tr><td style=\"white-space:nowrap\">160105<a name=\"CIEL-160105\"> </a></td><td>Efavirenz / Stavudine / Zidovudine</td><td/></tr><tr><td style=\"white-space:nowrap\">160124<a name=\"CIEL-160124\"> </a></td><td>Efavirenz / Lamivudine / Zidovudine</td><td/></tr><tr><td style=\"white-space:nowrap\">161361<a name=\"CIEL-161361\"> </a></td><td>efavirenz / lamivudine / tenofovir disoproxil</td><td/></tr><tr><td style=\"white-space:nowrap\">161363<a name=\"CIEL-161363\"> </a></td><td>lamivudine / stavudine</td><td/></tr><tr><td style=\"white-space:nowrap\">161364<a name=\"CIEL-161364\"> </a></td><td>Lamivudine / tenofovir disoproxil</td><td/></tr><tr><td style=\"white-space:nowrap\">1652<a name=\"CIEL-1652\"> </a></td><td>Lamivudine / nevirapine / zidovudine</td><td/></tr><tr><td style=\"white-space:nowrap\">5424<a name=\"CIEL-5424\"> </a></td><td>Other antiretroviral drug</td><td/></tr><tr><td style=\"white-space:nowrap\">5811<a name=\"CIEL-5811\"> </a></td><td>Unknown antiretroviral drug</td><td/></tr><tr><td style=\"white-space:nowrap\">630<a name=\"CIEL-630\"> </a></td><td>Lamivudine / zidovudine</td><td/></tr><tr><td style=\"white-space:nowrap\">103166<a name=\"CIEL-103166\"> </a></td><td>Abacavir / lamivudine</td><td/></tr><tr><td style=\"white-space:nowrap\">70056<a name=\"CIEL-70056\"> </a></td><td>Abacavir</td><td/></tr><tr><td style=\"white-space:nowrap\">71647<a name=\"CIEL-71647\"> </a></td><td>Atazanavir</td><td/></tr><tr><td style=\"white-space:nowrap\">74807<a name=\"CIEL-74807\"> </a></td><td>Didanosine</td><td/></tr><tr><td style=\"white-space:nowrap\">75523<a name=\"CIEL-75523\"> </a></td><td>Efavirenz</td><td/></tr><tr><td style=\"white-space:nowrap\">75628<a name=\"CIEL-75628\"> </a></td><td>Efavirenz</td><td/></tr><tr><td style=\"white-space:nowrap\">77995<a name=\"CIEL-77995\"> </a></td><td>Indinavir</td><td/></tr><tr><td style=\"white-space:nowrap\">78643<a name=\"CIEL-78643\"> </a></td><td>Lamivudine</td><td/></tr><tr><td style=\"white-space:nowrap\">79040<a name=\"CIEL-79040\"> </a></td><td>Lopinavir</td><td/></tr><tr><td style=\"white-space:nowrap\">792<a name=\"CIEL-792\"> </a></td><td>Lamivudine / nevirapine / stavudine</td><td/></tr><tr><td style=\"white-space:nowrap\">794<a name=\"CIEL-794\"> </a></td><td>Lopinavir / ritonavir</td><td/></tr><tr><td style=\"white-space:nowrap\">80487<a name=\"CIEL-80487\"> </a></td><td>Nelfinavir</td><td/></tr><tr><td style=\"white-space:nowrap\">80586<a name=\"CIEL-80586\"> </a></td><td>Nevirapine</td><td/></tr><tr><td style=\"white-space:nowrap\">83412<a name=\"CIEL-83412\"> </a></td><td>Ritonavir</td><td/></tr><tr><td style=\"white-space:nowrap\">84309<a name=\"CIEL-84309\"> </a></td><td>Stavudine</td><td/></tr><tr><td style=\"white-space:nowrap\">84795<a name=\"CIEL-84795\"> </a></td><td>Tenofovir</td><td/></tr><tr><td style=\"white-space:nowrap\">86663<a name=\"CIEL-86663\"> </a></td><td>Zidovudine</td><td/></tr><tr><td style=\"white-space:nowrap\">01234<a name=\"CIEL-01234\"> </a></td><td>Tenofovir / Lamivudine / Dolutegravir</td><td/></tr><tr><td style=\"white-space:nowrap\">9860127<a name=\"CIEL-9860127\"> </a></td><td>No</td><td>Generic answer to a question.</td></tr><tr><td style=\"white-space:nowrap\">9860131<a name=\"CIEL-9860131\"> </a></td><td>New client</td><td/></tr><tr><td style=\"white-space:nowrap\">9860133<a name=\"CIEL-9860133\"> </a></td><td>Transfer in date</td><td/></tr><tr><td style=\"white-space:nowrap\">9860135<a name=\"CIEL-9860135\"> </a></td><td>Transit patient</td><td>A patient who is being seen outside of their regular care setting temporarily to receive medication refills, etc.</td></tr><tr><td style=\"white-space:nowrap\">9860137<a name=\"CIEL-9860137\"> </a></td><td>re-enroll</td><td/></tr><tr><td style=\"white-space:nowrap\">9860143<a name=\"CIEL-9860143\"> </a></td><td>Treatment end date</td><td/></tr><tr><td style=\"white-space:nowrap\">9860145<a name=\"CIEL-9860145\"> </a></td><td>Transferred out</td><td>Patient transferred out to other services</td></tr><tr><td style=\"white-space:nowrap\">9860147<a name=\"CIEL-9860147\"> </a></td><td>Died</td><td/></tr><tr><td style=\"white-space:nowrap\">9860151<a name=\"CIEL-9860151\"> </a></td><td>Treatment interrupted/stopped</td><td/></tr><tr><td style=\"white-space:nowrap\">9860153<a name=\"CIEL-9860153\"> </a></td><td>ARV regimen/code for drugs collected</td><td/></tr><tr><td style=\"white-space:nowrap\">9860155<a name=\"CIEL-9860155\"> </a></td><td>Antiretroviral treatment start date</td><td>When were the antiretroviral drugs started for the patient?</td></tr><tr><td style=\"white-space:nowrap\">9860157<a name=\"CIEL-9860157\"> </a></td><td>Toxicity, drug</td><td>Adverse reaction to a drug (oral, parenteral, topical).</td></tr><tr><td style=\"white-space:nowrap\">9860159<a name=\"CIEL-9860159\"> </a></td><td>Regimen failure</td><td>Failure of a therapy or treatment to achieve its end points.</td></tr><tr><td style=\"white-space:nowrap\">9860161<a name=\"CIEL-9860161\"> </a></td><td>Cannot afford treatment</td><td>Patient unable to pay for treatment.</td></tr><tr><td style=\"white-space:nowrap\">9860163<a name=\"CIEL-9860163\"> </a></td><td>Isoniazid / pyrazinamide / rifampin</td><td>Combination drug also known as Rifater.  Used in the early treatment of tuberculosis.</td></tr><tr><td style=\"white-space:nowrap\">9860165<a name=\"CIEL-9860165\"> </a></td><td>Weight change</td><td>Alteration in a patient's weight.  Could represent either a weight gain or loss.</td></tr><tr><td style=\"white-space:nowrap\">9860167<a name=\"CIEL-9860167\"> </a></td><td>Unknown</td><td>Generic answer to a question.</td></tr><tr><td style=\"white-space:nowrap\">9860169<a name=\"CIEL-9860169\"> </a></td><td>Ethambutol and isoniazid</td><td>Combination drug used to treat tuberculosis, often used with other drugs.  It's also known as Ethizide.</td></tr><tr><td style=\"white-space:nowrap\">9860171<a name=\"CIEL-9860171\"> </a></td><td>Rifampicin isoniazid pyrazinamide and ethambutol</td><td>Fixed-dose combination drug used to treat tuberculosis.  Also known as Rifafour.</td></tr><tr><td style=\"white-space:nowrap\">9860173<a name=\"CIEL-9860173\"> </a></td><td>Reason antiretrovirals stopped</td><td>Question on encounter form.  Part of the plan gathers a reason for stopping ARVs.  This concept captures that information.</td></tr><tr><td style=\"white-space:nowrap\">9860175<a name=\"CIEL-9860175\"> </a></td><td>Tuberculosis treatment started</td><td>Part of the encounter form plan. Answers are drugs started at the end of the particular encounter.</td></tr><tr><td style=\"white-space:nowrap\">9860177<a name=\"CIEL-9860177\"> </a></td><td>Change formulation</td><td>Answer on encounter form.  Implies that a patient's current drugs will be changed to meet a new formulation.</td></tr><tr><td style=\"white-space:nowrap\">9860179<a name=\"CIEL-9860179\"> </a></td><td>Completed total PMTCT</td><td>Answer to question.  Implies that a person completed a course of total prevention of mother to child transmission therapy.</td></tr><tr><td style=\"white-space:nowrap\">9860181<a name=\"CIEL-9860181\"> </a></td><td>Rifampicin and isoniazid</td><td>Combination drug also known as Rifinah. Used in the early treatment of tuberculosis.</td></tr><tr><td style=\"white-space:nowrap\">9860183<a name=\"CIEL-9860183\"> </a></td><td>Currently pregnant</td><td/></tr><tr><td style=\"white-space:nowrap\">9860185<a name=\"CIEL-9860185\"> </a></td><td>Medications unavailable</td><td>Drugs/medications unavailable for use to treat patient. A reason for not receiving/taking medications.</td></tr><tr><td style=\"white-space:nowrap\">9860187<a name=\"CIEL-9860187\"> </a></td><td>Inpatient care or hospitalization</td><td>none</td></tr><tr><td style=\"white-space:nowrap\">9860189<a name=\"CIEL-9860189\"> </a></td><td>Other</td><td>A generic, descriptive answer which is a handwritten, non-coded response to a question.</td></tr><tr><td style=\"white-space:nowrap\">9860191<a name=\"CIEL-9860191\"> </a></td><td>Isoniazid</td><td>A crystalline antibacterial compound (C6H7N3O) used in the treatment of tuberculosis. </td></tr><tr><td style=\"white-space:nowrap\">9860193<a name=\"CIEL-9860193\"> </a></td><td>Ethambutol</td><td>Anti-mycobaterial drug used to treat active tuberculosis. Always used with other antimycobacterial agents.</td></tr><tr><td style=\"white-space:nowrap\">9860195<a name=\"CIEL-9860195\"> </a></td><td>Streptomycin</td><td/></tr><tr><td style=\"white-space:nowrap\">9860197<a name=\"CIEL-9860197\"> </a></td><td>Pyrazinamide</td><td>Antituberculosis agent used to treat patients with active tuberculosis, usually in combination with other agents.</td></tr><tr><td style=\"white-space:nowrap\">9860199<a name=\"CIEL-9860199\"> </a></td><td>Refusal of treatment by patient</td><td>Patient or client refusal of or resistance to medical, psychological, or psychiatric treatment. (APA, Thesaurus of Psychological Index Terms, 8th ed.)</td></tr><tr><td style=\"white-space:nowrap\">9860201<a name=\"CIEL-9860201\"> </a></td><td>Planned treatment interruption</td><td/></tr><tr><td style=\"white-space:nowrap\">9860203<a name=\"CIEL-9860203\"> </a></td><td>Non-compliance with treatment or therapy</td><td>Not following the prescribed course of therapy or not taking prescribed medicines.</td></tr><tr><td style=\"white-space:nowrap\">9860205<a name=\"CIEL-9860205\"> </a></td><td>Treatment never started - patient refused</td><td/></tr><tr><td style=\"white-space:nowrap\">9860207<a name=\"CIEL-9860207\"> </a></td><td>Other patient decision</td><td/></tr><tr><td style=\"white-space:nowrap\">9860209<a name=\"CIEL-9860209\"> </a></td><td>Patient age</td><td>Generic answer to a question.  For example, a patient stops a medication because of his or her age.</td></tr><tr><td style=\"white-space:nowrap\">9860211<a name=\"CIEL-9860211\"> </a></td><td>Gender identity</td><td/></tr><tr><td style=\"white-space:nowrap\">9860213<a name=\"CIEL-9860213\"> </a></td><td>Identifies as male gender</td><td/></tr><tr><td style=\"white-space:nowrap\">9860215<a name=\"CIEL-9860215\"> </a></td><td>Identifies as female gender</td><td/></tr><tr><td style=\"white-space:nowrap\">9860217<a name=\"CIEL-9860217\"> </a></td><td>Male to female transsexual</td><td/></tr><tr><td style=\"white-space:nowrap\">9860219<a name=\"CIEL-9860219\"> </a></td><td>Female to male transsexual</td><td/></tr><tr><td style=\"white-space:nowrap\">9860221<a name=\"CIEL-9860221\"> </a></td><td>Identifies as non-binary gender</td><td/></tr><tr><td style=\"white-space:nowrap\">9860223<a name=\"CIEL-9860223\"> </a></td><td>Female gender</td><td/></tr><tr><td style=\"white-space:nowrap\">9860225<a name=\"CIEL-9860225\"> </a></td><td>Restart medication</td><td/></tr><tr><td style=\"white-space:nowrap\">9860227<a name=\"CIEL-9860227\"> </a></td><td>Currently breastfeeding child</td><td>Question on encounter form: &quot;Is the child currently being breastfed?&quot;</td></tr><tr><td style=\"white-space:nowrap\">9860229<a name=\"CIEL-9860229\"> </a></td><td>New patient identifier</td><td>Link to new patient identifier if patient has transferred out of facility</td></tr><tr><td style=\"white-space:nowrap\">9860231<a name=\"CIEL-9860231\"> </a></td><td>Reason for lost to follow up</td><td>Why the patient did not follow up with the health care?</td></tr><tr><td style=\"white-space:nowrap\">9860233<a name=\"CIEL-9860233\"> </a></td><td>Health facility</td><td/></tr><tr><td style=\"white-space:nowrap\">9860235<a name=\"CIEL-9860235\"> </a></td><td>Community</td><td>People with whom the client lives in the same geographical area or neighborhood</td></tr><tr><td style=\"white-space:nowrap\">9860237<a name=\"CIEL-9860237\"> </a></td><td>mobile voluntary counseling and testing program</td><td/></tr><tr><td style=\"white-space:nowrap\">9860239<a name=\"CIEL-9860239\"> </a></td><td>Home based HIV testing program</td><td/></tr><tr><td style=\"white-space:nowrap\">9860241<a name=\"CIEL-9860241\"> </a></td><td>HIV positive</td><td>Includes the spectrum of human immunodeficiency virus infections that range from asymptomatic seropositivity, thru AIDS-related complex (ARC), to acquired immunodeficiency syndrome (AIDS).</td></tr><tr><td style=\"white-space:nowrap\">9860243<a name=\"CIEL-9860243\"> </a></td><td>Negative</td><td>Response to a finding or test result.</td></tr><tr><td style=\"white-space:nowrap\">9921831<a name=\"CIEL-9921831\"> </a></td><td>HIV program end date</td><td>Question on encounter form. The date the patient was removed from the HIV program.</td></tr><tr><td style=\"white-space:nowrap\">5240<a name=\"CIEL-5240\"> </a></td><td>Lost to followup</td><td>Patients that are lost to followup.. boolean question.</td></tr></table><p><b>Additional Language Displays</b></p><table class=\"codes\"><tr><td><b>Code</b></td><td><b>Bengali (bn)</b></td><td><b>Spanish (es)</b></td><td><b>French (fr)</b></td><td><b>ht</b></td><td><b>id</b></td><td><b>Italian (it)</b></td><td><b>km</b></td><td><b>ne</b></td><td><b>Portuguese (pt)</b></td><td><b>Русский (Russian, ru)</b></td><td><b>rw</b></td><td><b>sw</b></td><td><b>ti</b></td><td><b>ur</b></td><td><b>vi</b></td></tr><tr><td>1065</td><td></td><td></td><td></td><td></td><td></td><td></td><td></td><td></td><td></td><td></td><td></td><td></td><td></td><td></td><td></td></tr><tr><td>1066</td><td></td><td></td><td></td><td></td><td></td><td></td><td></td><td></td><td></td><td></td><td></td><td></td><td></td><td></td><td></td></tr><tr><td>1067</td><td></td><td></td><td></td><td></td><td></td><td></td><td></td><td></td><td></td><td></td><td></td><td></td><td></td><td></td><td></td></tr><tr><td>1434</td><td></td><td></td><td></td><td></td><td></td><td></td><td></td><td></td><td></td><td></td><td></td><td></td><td></td><td></td><td></td></tr><tr><td>138405</td><td></td><td></td><td></td><td></td><td></td><td></td><td></td><td></td><td></td><td></td><td></td><td></td><td></td><td></td><td></td></tr><tr><td>160119</td><td></td><td></td><td></td><td></td><td></td><td></td><td></td><td></td><td></td><td></td><td></td><td></td><td></td><td></td><td></td></tr><tr><td>116128</td><td></td><td></td><td></td><td></td><td></td><td></td><td></td><td></td><td></td><td></td><td></td><td></td><td></td><td></td><td></td></tr><tr><td>160540</td><td></td><td></td><td></td><td></td><td></td><td></td><td></td><td></td><td></td><td></td><td></td><td></td><td></td><td></td><td></td></tr><tr><td>160542</td><td></td><td></td><td></td><td></td><td></td><td></td><td></td><td></td><td></td><td></td><td></td><td></td><td></td><td></td><td></td></tr><tr><td>1193</td><td></td><td></td><td></td><td></td><td></td><td></td><td></td><td></td><td></td><td></td><td></td><td></td><td></td><td></td><td></td></tr><tr><td>5096</td><td></td><td></td><td></td><td></td><td></td><td></td><td></td><td></td><td></td><td></td><td></td><td></td><td></td><td></td><td></td></tr><tr><td>160104</td><td></td><td></td><td></td><td></td><td></td><td></td><td></td><td></td><td></td><td></td><td></td><td></td><td></td><td></td><td></td></tr><tr><td>160105</td><td></td><td></td><td></td><td></td><td></td><td></td><td></td><td></td><td></td><td></td><td></td><td></td><td></td><td></td><td></td></tr><tr><td>160124</td><td></td><td></td><td></td><td></td><td></td><td></td><td></td><td></td><td></td><td></td><td></td><td></td><td></td><td></td><td></td></tr><tr><td>161361</td><td></td><td></td><td></td><td></td><td></td><td></td><td></td><td></td><td></td><td></td><td></td><td></td><td></td><td></td><td></td></tr><tr><td>161363</td><td></td><td></td><td></td><td></td><td></td><td></td><td></td><td></td><td></td><td></td><td></td><td></td><td></td><td></td><td></td></tr><tr><td>161364</td><td></td><td></td><td></td><td></td><td></td><td></td><td></td><td></td><td></td><td></td><td></td><td></td><td></td><td></td><td></td></tr><tr><td>1652</td><td></td><td></td><td></td><td></td><td></td><td></td><td></td><td></td><td></td><td></td><td></td><td></td><td></td><td></td><td></td></tr><tr><td>5424</td><td></td><td></td><td></td><td></td><td></td><td></td><td></td><td></td><td></td><td></td><td></td><td></td><td></td><td></td><td></td></tr><tr><td>5811</td><td></td><td></td><td></td><td></td><td></td><td></td><td></td><td></td><td></td><td></td><td></td><td></td><td></td><td></td><td></td></tr><tr><td>630</td><td></td><td></td><td></td><td></td><td></td><td></td><td></td><td></td><td></td><td></td><td></td><td></td><td></td><td></td><td></td></tr><tr><td>103166</td><td></td><td></td><td></td><td></td><td></td><td></td><td></td><td></td><td></td><td></td><td></td><td></td><td></td><td></td><td></td></tr><tr><td>70056</td><td></td><td></td><td></td><td></td><td></td><td></td><td></td><td></td><td></td><td></td><td></td><td></td><td></td><td></td><td></td></tr><tr><td>71647</td><td></td><td></td><td></td><td></td><td></td><td></td><td></td><td></td><td></td><td></td><td></td><td></td><td></td><td></td><td></td></tr><tr><td>74807</td><td></td><td></td><td></td><td></td><td></td><td></td><td></td><td></td><td></td><td></td><td></td><td></td><td></td><td></td><td></td></tr><tr><td>75523</td><td></td><td></td><td></td><td></td><td></td><td></td><td></td><td></td><td></td><td></td><td></td><td></td><td></td><td></td><td></td></tr><tr><td>75628</td><td></td><td></td><td></td><td></td><td></td><td></td><td></td><td></td><td></td><td></td><td></td><td></td><td></td><td></td><td></td></tr><tr><td>77995</td><td></td><td></td><td></td><td></td><td></td><td></td><td></td><td></td><td></td><td></td><td></td><td></td><td></td><td></td><td></td></tr><tr><td>78643</td><td></td><td></td><td></td><td></td><td></td><td></td><td></td><td></td><td></td><td></td><td></td><td></td><td></td><td></td><td></td></tr><tr><td>79040</td><td></td><td></td><td></td><td></td><td></td><td></td><td></td><td></td><td></td><td></td><td></td><td></td><td></td><td></td><td></td></tr><tr><td>792</td><td></td><td></td><td></td><td></td><td></td><td></td><td></td><td></td><td></td><td></td><td></td><td></td><td></td><td></td><td></td></tr><tr><td>794</td><td></td><td></td><td></td><td></td><td></td><td></td><td></td><td></td><td></td><td></td><td></td><td></td><td></td><td></td><td></td></tr><tr><td>80487</td><td></td><td></td><td></td><td></td><td></td><td></td><td></td><td></td><td></td><td></td><td></td><td></td><td></td><td></td><td></td></tr><tr><td>80586</td><td></td><td></td><td></td><td></td><td></td><td></td><td></td><td></td><td></td><td></td><td></td><td></td><td></td><td></td><td></td></tr><tr><td>83412</td><td></td><td></td><td></td><td></td><td></td><td></td><td></td><td></td><td></td><td></td><td></td><td></td><td></td><td></td><td></td></tr><tr><td>84309</td><td></td><td></td><td></td><td></td><td></td><td></td><td></td><td></td><td></td><td></td><td></td><td></td><td></td><td></td><td></td></tr><tr><td>84795</td><td></td><td></td><td></td><td></td><td></td><td></td><td></td><td></td><td></td><td></td><td></td><td></td><td></td><td></td><td></td></tr><tr><td>86663</td><td></td><td></td><td></td><td></td><td></td><td></td><td></td><td></td><td></td><td></td><td></td><td></td><td></td><td></td><td></td></tr><tr><td>01234</td><td></td><td></td><td></td><td></td><td></td><td></td><td></td><td></td><td></td><td></td><td></td><td></td><td></td><td></td><td></td></tr><tr><td>9860127</td><td>না</td><td>No</td><td>Non</td><td>Fo</td><td></td><td>Falso</td><td>ទេ</td><td>हुँदैन</td><td>Falso</td><td>Нет</td><td>Muzima</td><td></td><td>ኣይትጥቀምን</td><td>نہیں</td><td></td></tr><tr><td>9860131</td><td></td><td></td><td></td><td></td><td></td><td></td><td></td><td></td><td></td><td></td><td></td><td></td><td></td><td></td><td></td></tr><tr><td>9860133</td><td></td><td></td><td></td><td></td><td></td><td></td><td></td><td></td><td></td><td></td><td></td><td></td><td></td><td></td><td></td></tr><tr><td>9860135</td><td></td><td></td><td></td><td></td><td></td><td></td><td></td><td></td><td></td><td></td><td></td><td></td><td></td><td></td><td></td></tr><tr><td>9860137</td><td></td><td></td><td></td><td></td><td></td><td></td><td></td><td></td><td></td><td></td><td></td><td></td><td></td><td></td><td></td></tr><tr><td>9860143</td><td></td><td>Fecha en la que se suspendió el tratamiento</td><td></td><td></td><td></td><td></td><td></td><td></td><td></td><td></td><td></td><td></td><td></td><td></td><td></td></tr><tr><td>9860145</td><td></td><td></td><td>Reféré vers</td><td>Transfere deyò</td><td></td><td></td><td></td><td></td><td></td><td></td><td></td><td></td><td></td><td></td><td></td></tr><tr><td>9860147</td><td></td><td>Muerte</td><td>Dècédé\t</td><td>mouri</td><td></td><td></td><td></td><td></td><td></td><td></td><td></td><td></td><td></td><td></td><td></td></tr><tr><td>9860151</td><td></td><td></td><td></td><td></td><td></td><td></td><td></td><td></td><td></td><td></td><td></td><td></td><td></td><td></td><td></td></tr><tr><td>9860153</td><td></td><td></td><td></td><td></td><td></td><td></td><td></td><td></td><td></td><td></td><td></td><td></td><td></td><td></td><td></td></tr><tr><td>9860155</td><td></td><td></td><td>Date de début des antirétroviraux</td><td>Antiretwoviral tretman dat kòmansman</td><td></td><td></td><td></td><td></td><td></td><td></td><td></td><td></td><td></td><td></td><td></td></tr><tr><td>9860157</td><td></td><td>toxicidad por droga</td><td>Toxicité au médicaments</td><td>Medikaman toksik</td><td></td><td></td><td></td><td></td><td></td><td></td><td></td><td></td><td></td><td></td><td></td></tr><tr><td>9860159</td><td></td><td>Falla de tratamiento</td><td>Échec du traitement</td><td>Echek rejim</td><td></td><td></td><td></td><td></td><td></td><td></td><td></td><td></td><td></td><td></td><td></td></tr><tr><td>9860161</td><td></td><td>No puede costear el tratamiento</td><td>Pouvez pas offrir un traitement</td><td>Pa kapab peye tretman</td><td></td><td></td><td></td><td></td><td></td><td></td><td></td><td></td><td></td><td></td><td></td></tr><tr><td>9860163</td><td></td><td>Rifampicina, isoniazida y pirazinamida</td><td></td><td></td><td></td><td></td><td></td><td></td><td></td><td></td><td></td><td></td><td></td><td></td><td></td></tr><tr><td>9860165</td><td></td><td></td><td></td><td></td><td></td><td></td><td></td><td></td><td></td><td></td><td></td><td></td><td></td><td></td><td></td></tr><tr><td>9860167</td><td>জানিনা</td><td>Desconocida</td><td>Inconnu</td><td>Enkoni</td><td></td><td></td><td>មិនដឹង</td><td></td><td></td><td>Не известно</td><td>Ntabizi</td><td>Haijulikani</td><td></td><td>معلوم نہیں</td><td></td></tr><tr><td>9860169</td><td></td><td>Clorhidrato de etambutol+isoniazida</td><td></td><td></td><td></td><td></td><td></td><td></td><td></td><td></td><td></td><td></td><td></td><td></td><td></td></tr><tr><td>9860171</td><td></td><td></td><td></td><td></td><td></td><td></td><td></td><td></td><td></td><td></td><td></td><td></td><td></td><td></td><td></td></tr><tr><td>9860173</td><td></td><td></td><td>Antirétroviraux raison d'arrêt</td><td>Rezon dwog antiretwoviral te sispann</td><td></td><td></td><td></td><td></td><td></td><td></td><td></td><td></td><td></td><td></td><td></td></tr><tr><td>9860175</td><td></td><td></td><td></td><td></td><td></td><td></td><td></td><td></td><td></td><td></td><td></td><td></td><td></td><td></td><td></td></tr><tr><td>9860177</td><td></td><td></td><td>Changement de formulation</td><td></td><td></td><td></td><td></td><td></td><td></td><td></td><td></td><td></td><td></td><td></td><td></td></tr><tr><td>9860179</td><td></td><td></td><td>Traitement PTME complete</td><td>Fini ak PTME</td><td></td><td></td><td></td><td></td><td></td><td></td><td></td><td></td><td></td><td></td><td></td></tr><tr><td>9860181</td><td></td><td>Rifampicina e isoniazida</td><td></td><td></td><td></td><td></td><td></td><td></td><td></td><td></td><td></td><td></td><td></td><td></td><td></td></tr><tr><td>9860183</td><td></td><td>Actualmente embarazada</td><td>Femme enceinte</td><td>Fanm ensent</td><td></td><td></td><td></td><td></td><td></td><td></td><td></td><td>Ujauzito wa sasa</td><td></td><td></td><td></td></tr><tr><td>9860185</td><td></td><td>Fármaco no disponible - no hay reserva</td><td>Médicaments non disponibles</td><td>Medikaman pa disponib</td><td></td><td></td><td></td><td></td><td></td><td></td><td></td><td></td><td></td><td></td><td></td></tr><tr><td>9860187</td><td></td><td>Cuidado de paciente hospitalizado</td><td>Patient hospitalisé</td><td>Entène lopital</td><td></td><td></td><td></td><td></td><td></td><td></td><td></td><td></td><td></td><td></td><td></td></tr><tr><td>9860189</td><td></td><td>Otro no codificado</td><td>Autre et non codé</td><td>Lòt ki pa-kode</td><td></td><td></td><td>ផ្សេងៗ</td><td>अन्य</td><td></td><td></td><td></td><td>Nyinginezo</td><td></td><td></td><td></td></tr><tr><td>9860191</td><td></td><td>Ácido isonicotínco hidrazina</td><td>Isoniazid</td><td>Isoniazid</td><td></td><td></td><td></td><td></td><td></td><td></td><td></td><td></td><td></td><td></td><td></td></tr><tr><td>9860193</td><td></td><td>Etambutol</td><td>Ethambutol</td><td>Ethambutol</td><td></td><td></td><td></td><td></td><td></td><td></td><td></td><td></td><td></td><td></td><td>Ethambutol</td></tr><tr><td>9860195</td><td></td><td>Estreptomicina</td><td>Streptomycine\t</td><td>Streptomysin</td><td></td><td></td><td></td><td></td><td></td><td></td><td></td><td></td><td></td><td></td><td></td></tr><tr><td>9860197</td><td></td><td>Amida de ácido pirazinoico</td><td>Pyrazinamide</td><td>Pyrazinamide</td><td></td><td></td><td></td><td></td><td></td><td></td><td></td><td></td><td></td><td></td><td></td></tr><tr><td>9860199</td><td></td><td>rechazo del tratamiento por el paciente</td><td>Refus de traitement par le patient</td><td>Pasyan pa vle pran medikaman</td><td></td><td></td><td></td><td></td><td></td><td></td><td></td><td></td><td></td><td></td><td></td></tr><tr><td>9860201</td><td></td><td></td><td></td><td></td><td></td><td></td><td></td><td></td><td></td><td></td><td></td><td></td><td></td><td></td><td></td></tr><tr><td>9860203</td><td></td><td>Adherencia del paciente nula - general</td><td>Le non-respect d'un traitement ou d'une thérapie</td><td>Ki pa konfòm avèk tretman oswa terapi</td><td></td><td></td><td></td><td></td><td></td><td></td><td></td><td></td><td></td><td></td><td></td></tr><tr><td>9860205</td><td></td><td></td><td>Traitement jamais commencer - patient refus</td><td>Tretman pa janm kòmanse - pasyan refize</td><td></td><td></td><td></td><td></td><td></td><td></td><td></td><td></td><td></td><td></td><td></td></tr><tr><td>9860207</td><td></td><td></td><td></td><td></td><td></td><td></td><td></td><td></td><td></td><td></td><td></td><td></td><td></td><td></td><td></td></tr><tr><td>9860209</td><td></td><td>Edad del paciente</td><td></td><td></td><td></td><td></td><td></td><td></td><td></td><td></td><td></td><td></td><td></td><td></td><td></td></tr><tr><td>9860211</td><td></td><td>Identidad de género</td><td></td><td></td><td></td><td></td><td></td><td></td><td></td><td></td><td></td><td></td><td></td><td></td><td></td></tr><tr><td>9860213</td><td></td><td>Identidad masculina</td><td></td><td></td><td></td><td></td><td></td><td></td><td></td><td></td><td></td><td></td><td></td><td></td><td></td></tr><tr><td>9860215</td><td></td><td>Identidad femenina</td><td></td><td></td><td></td><td></td><td></td><td></td><td></td><td></td><td></td><td></td><td></td><td></td><td></td></tr><tr><td>9860217</td><td></td><td>Transexual, mujer a hombre</td><td></td><td></td><td></td><td></td><td></td><td></td><td></td><td></td><td></td><td></td><td></td><td></td><td></td></tr><tr><td>9860219</td><td></td><td>Cirugía intersexual, conversión de sexo femenino a sexo masculino</td><td></td><td></td><td></td><td></td><td></td><td></td><td></td><td></td><td></td><td></td><td></td><td></td><td></td></tr><tr><td>9860221</td><td></td><td>Identidad de género no binario</td><td></td><td></td><td></td><td></td><td></td><td></td><td></td><td></td><td></td><td></td><td></td><td></td><td></td></tr><tr><td>9860223</td><td></td><td>Mujer</td><td>Sexe féminin</td><td>Sèks fi</td><td></td><td></td><td>ស្រី</td><td></td><td></td><td>Женщины</td><td></td><td></td><td></td><td></td><td></td></tr><tr><td>9860225</td><td></td><td>Reinicio de la medicación</td><td></td><td></td><td></td><td></td><td></td><td></td><td></td><td></td><td></td><td></td><td></td><td></td><td></td></tr><tr><td>9860227</td><td></td><td>Amamantamiento (madre)</td><td>Allaite actuellement</td><td>Ap bay tete nan moman a</td><td></td><td></td><td></td><td></td><td></td><td></td><td></td><td></td><td></td><td></td><td></td></tr><tr><td>9860229</td><td></td><td></td><td></td><td></td><td></td><td></td><td></td><td></td><td></td><td></td><td></td><td></td><td></td><td></td><td></td></tr><tr><td>9860231</td><td></td><td></td><td></td><td></td><td></td><td></td><td></td><td></td><td></td><td></td><td></td><td></td><td></td><td></td><td></td></tr><tr><td>9860233</td><td></td><td>Institución sanitaria</td><td>Centre médical</td><td></td><td></td><td></td><td></td><td></td><td></td><td></td><td></td><td></td><td></td><td></td><td></td></tr><tr><td>9860235</td><td></td><td>Comunidad (contexto social)</td><td></td><td></td><td>Masyarakat</td><td></td><td></td><td></td><td></td><td></td><td></td><td></td><td></td><td></td><td></td></tr><tr><td>9860237</td><td></td><td></td><td></td><td></td><td></td><td></td><td></td><td></td><td></td><td></td><td></td><td></td><td></td><td></td><td></td></tr><tr><td>9860239</td><td></td><td></td><td>Programme de dépistage du VIH à domicile</td><td>Pwogram tès VIH sante kominote</td><td></td><td></td><td></td><td></td><td></td><td></td><td></td><td></td><td></td><td></td><td></td></tr><tr><td>9860241</td><td></td><td>virus de la inmunodeficiencia humana positivo</td><td>Virus de l'immunodéficience humaine positif</td><td></td><td></td><td></td><td></td><td></td><td></td><td></td><td></td><td></td><td></td><td></td><td>Tích cực HIV</td></tr><tr><td>9860243</td><td></td><td>(-)</td><td>Négatif</td><td>Négatif</td><td></td><td></td><td></td><td></td><td></td><td></td><td></td><td>Hasi</td><td></td><td></td><td></td></tr><tr><td>9921831</td><td></td><td></td><td>Date de fin du programme VIH</td><td>Dat fini ak pwogram VIH</td><td></td><td></td><td></td><td></td><td></td><td></td><td></td><td></td><td></td><td></td><td></td></tr><tr><td>5240</td><td></td><td></td><td></td><td></td><td></td><td></td><td></td><td></td><td></td><td></td><td></td><td></td><td></td><td></td><td></td></tr></table></div>"},"url":"https://IntelliSOFT-Consulting.github.io/HIV-FHIR-IG/CodeSystem/CIEL","identifier":[{"type":{"coding":[{"system":"http://hl7.org/fhir/v2/0203","code":"ACSN","display":"Accession ID"}],"text":"Accession ID"},"system":"https://api.staging.openconceptlab.org","value":"/orgs/Kenya_SMART_Guidelines/CodeSystem/CIEL/"}],"version":"0.1.0","name":"CIEL","title":"CIEL","status":"active","experimental":true,"date":"2025-01-15T14:05:09+00:00","publisher":"intellisoftkenya","contact":[{"name":"intellisoftkenya","telecom":[{"system":"url","value":"https://www.intellisoftkenya.com/"}]}],"description":"0.1.1","caseSensitive":false,"content":"complete","count":97,"property":[{"code":"conceptclass","uri":"https://api.staging.openconceptlab.org/orgs/OCL/sources/Classes/concepts","description":"Standard list of concept classes.","type":"string"},{"code":"datatype","uri":"https://api.staging.openconceptlab.org/orgs/OCL/sources/Datatypes/concepts","description":"Standard list of concept datatypes.","type":"string"},{"code":"inactive","uri":"http://hl7.org/fhir/concept-properties","description":"True if the concept is not considered active.","type":"Coding"}],"concept":[{"code":"1065","display":"YES","designation":[{"language":"en","value":"YES"}],"property":[{"code":"conceptclass","valueString":"Misc"},{"code":"datatype","valueString":"N/A"}]},{"code":"1066","display":"NO","designation":[{"language":"en","value":"NO"}],"property":[{"code":"conceptclass","valueString":"Misc"},{"code":"datatype","valueString":"N/A"}]},{"code":"1067","display":"Unknown","designation":[{"language":"en","value":"Unknown"}],"property":[{"code":"conceptclass","valueString":"Misc"},{"code":"datatype","valueString":"N/A"}]},{"code":"1434","display":"Currently pregnant","designation":[{"language":"en","value":"Currently pregnant"}],"property":[{"code":"conceptclass","valueString":"Misc"},{"code":"datatype","valueString":"N/A"}]},{"code":"138405","display":"Human immunodeficiency virus (HIV) disease","designation":[{"language":"en","value":"Human immunodeficiency virus (HIV) disease"}],"property":[{"code":"conceptclass","valueString":"Misc"},{"code":"datatype","valueString":"N/A"}]},{"code":"160119","display":"CURRENTLY TAKING ARV","designation":[{"language":"en","value":"CURRENTLY TAKING ARV"}],"property":[{"code":"conceptclass","valueString":"Misc"},{"code":"datatype","valueString":"N/A"}]},{"code":"116128","display":"Malaria","designation":[{"language":"en","value":"Malaria"}],"property":[{"code":"conceptclass","valueString":"Misc"},{"code":"datatype","valueString":"N/A"}]},{"code":"160540","display":"Method of enrollment","designation":[{"language":"en","value":"Method of enrollment"}],"property":[{"code":"conceptclass","valueString":"Misc"},{"code":"datatype","valueString":"N/A"}]},{"code":"160542","display":"Outpatient department","designation":[{"language":"en","value":"Outpatient department"}],"property":[{"code":"conceptclass","valueString":"Misc"},{"code":"datatype","valueString":"N/A"}]},{"code":"1193","display":"CURRENT DRUGS USED","designation":[{"language":"en","value":"CURRENT DRUGS USED"}],"property":[{"code":"conceptclass","valueString":"Misc"},{"code":"datatype","valueString":"N/A"}]},{"code":"5096","display":"RETURN VISIT DATE","designation":[{"language":"en","value":"RETURN VISIT DATE"}],"property":[{"code":"conceptclass","valueString":"Misc"},{"code":"datatype","valueString":"N/A"}]},{"code":"160104","display":"Efavirenz / Lamivudine / Stavudine","designation":[{"language":"en","value":"Efavirenz / Lamivudine / Stavudine"}],"property":[{"code":"conceptclass","valueString":"Misc"},{"code":"datatype","valueString":"N/A"}]},{"code":"160105","display":"Efavirenz / Stavudine / Zidovudine","designation":[{"language":"en","value":"Efavirenz / Stavudine / Zidovudine"}],"property":[{"code":"conceptclass","valueString":"Misc"},{"code":"datatype","valueString":"N/A"}]},{"code":"160124","display":"Efavirenz / Lamivudine / Zidovudine","designation":[{"language":"en","value":"Efavirenz / Lamivudine / Zidovudine"}],"property":[{"code":"conceptclass","valueString":"Misc"},{"code":"datatype","valueString":"N/A"}]},{"code":"161361","display":"efavirenz / lamivudine / tenofovir disoproxil","designation":[{"language":"en","value":"efavirenz / lamivudine / tenofovir disoproxil"}],"property":[{"code":"conceptclass","valueString":"Misc"},{"code":"datatype","valueString":"N/A"}]},{"code":"161363","display":"lamivudine / stavudine","designation":[{"language":"en","value":"lamivudine / stavudine"}],"property":[{"code":"conceptclass","valueString":"Misc"},{"code":"datatype","valueString":"N/A"}]},{"code":"161364","display":"Lamivudine / tenofovir disoproxil","designation":[{"language":"en","value":"Lamivudine / tenofovir disoproxil"}],"property":[{"code":"conceptclass","valueString":"Misc"},{"code":"datatype","valueString":"N/A"}]},{"code":"1652","display":"Lamivudine / nevirapine / zidovudine","designation":[{"language":"en","value":"Lamivudine / nevirapine / zidovudine"}],"property":[{"code":"conceptclass","valueString":"Misc"},{"code":"datatype","valueString":"N/A"}]},{"code":"5424","display":"Other antiretroviral drug","designation":[{"language":"en","value":"Other antiretroviral drug"}],"property":[{"code":"conceptclass","valueString":"Misc"},{"code":"datatype","valueString":"N/A"}]},{"code":"5811","display":"Unknown antiretroviral drug","designation":[{"language":"en","value":"Unknown antiretroviral drug"}],"property":[{"code":"conceptclass","valueString":"Misc"},{"code":"datatype","valueString":"N/A"}]},{"code":"630","display":"Lamivudine / zidovudine","designation":[{"language":"en","value":"Lamivudine / zidovudine"}],"property":[{"code":"conceptclass","valueString":"Misc"},{"code":"datatype","valueString":"N/A"}]},{"code":"103166","display":"Abacavir / lamivudine","designation":[{"language":"en","value":"Abacavir / lamivudine"}],"property":[{"code":"conceptclass","valueString":"Misc"},{"code":"datatype","valueString":"N/A"}]},{"code":"70056","display":"Abacavir","designation":[{"language":"en","value":"Abacavir"}],"property":[{"code":"conceptclass","valueString":"Misc"},{"code":"datatype","valueString":"N/A"}]},{"code":"71647","display":"Atazanavir","designation":[{"language":"en","value":"Atazanavir"}],"property":[{"code":"conceptclass","valueString":"Misc"},{"code":"datatype","valueString":"N/A"}]},{"code":"74807","display":"Didanosine","designation":[{"language":"en","value":"Didanosine"}],"property":[{"code":"conceptclass","valueString":"Misc"},{"code":"datatype","valueString":"N/A"}]},{"code":"75523","display":"Efavirenz","designation":[{"language":"en","value":"Efavirenz"}],"property":[{"code":"conceptclass","valueString":"Misc"},{"code":"datatype","valueString":"N/A"}]},{"code":"75628","display":"Efavirenz","designation":[{"language":"en","value":"Efavirenz"}],"property":[{"code":"conceptclass","valueString":"Misc"},{"code":"datatype","valueString":"N/A"}]},{"code":"77995","display":"Indinavir","designation":[{"language":"en","value":"Indinavir"}],"property":[{"code":"conceptclass","valueString":"Misc"},{"code":"datatype","valueString":"N/A"}]},{"code":"78643","display":"Lamivudine","designation":[{"language":"en","value":"Lamivudine"}],"property":[{"code":"conceptclass","valueString":"Misc"},{"code":"datatype","valueString":"N/A"}]},{"code":"79040","display":"Lopinavir","designation":[{"language":"en","value":"Lopinavir"}],"property":[{"code":"conceptclass","valueString":"Misc"},{"code":"datatype","valueString":"N/A"}]},{"code":"792","display":"Lamivudine / nevirapine / stavudine","designation":[{"language":"en","value":"Lamivudine / nevirapine / stavudine"}],"property":[{"code":"conceptclass","valueString":"Misc"},{"code":"datatype","valueString":"N/A"}]},{"code":"794","display":"Lopinavir / ritonavir","designation":[{"language":"en","value":"Lopinavir / ritonavir"}],"property":[{"code":"conceptclass","valueString":"Misc"},{"code":"datatype","valueString":"N/A"}]},{"code":"80487","display":"Nelfinavir","designation":[{"language":"en","value":"Nelfinavir"}],"property":[{"code":"conceptclass","valueString":"Misc"},{"code":"datatype","valueString":"N/A"}]},{"code":"80586","display":"Nevirapine","designation":[{"language":"en","value":"Nevirapine"}],"property":[{"code":"conceptclass","valueString":"Misc"},{"code":"datatype","valueString":"N/A"}]},{"code":"83412","display":"Ritonavir","designation":[{"language":"en","value":"Ritonavir"}],"property":[{"code":"conceptclass","valueString":"Misc"},{"code":"datatype","valueString":"N/A"}]},{"code":"84309","display":"Stavudine","designation":[{"language":"en","value":"Stavudine"}],"property":[{"code":"conceptclass","valueString":"Misc"},{"code":"datatype","valueString":"N/A"}]},{"code":"84795","display":"Tenofovir","designation":[{"language":"en","value":"Tenofovir"}],"property":[{"code":"conceptclass","valueString":"Misc"},{"code":"datatype","valueString":"N/A"}]},{"code":"86663","display":"Zidovudine","designation":[{"language":"en","value":"Zidovudine"}],"property":[{"code":"conceptclass","valueString":"Misc"},{"code":"datatype","valueString":"N/A"}]},{"code":"01234","display":"Tenofovir / Lamivudine / Dolutegravir","designation":[{"language":"en","value":"Tenofovir / Lamivudine / Dolutegravir"}],"property":[{"code":"conceptclass","valueString":"Misc"},{"code":"datatype","valueString":"N/A"}]},{"code":"9860127","display":"No","definition":"Generic answer to a question.","designation":[{"language":"ru","use":{"code":"FULLY_SPECIFIED"},"value":"Нет"},{"language":"en","value":"False"},{"language":"fr","value":"Faux"},{"language":"es","value":"Falso"},{"language":"it","use":{"code":"FULLY_SPECIFIED"},"value":"No"},{"language":"it","value":"Falso"},{"language":"pt","use":{"code":"FULLY_SPECIFIED"},"value":"Não"},{"language":"pt","value":"Falso"},{"language":"en","use":{"code":"FULLY_SPECIFIED"},"value":"No"},{"language":"fr","use":{"code":"FULLY_SPECIFIED"},"value":"Non"},{"language":"rw","use":{"code":"FULLY_SPECIFIED"},"value":"Muzima"},{"language":"ti","use":{"code":"FULLY_SPECIFIED"},"value":"ኣይትጥቀምን"},{"language":"es","use":{"code":"FULLY_SPECIFIED"},"value":"No"},{"language":"bn","use":{"code":"FULLY_SPECIFIED"},"value":"না"},{"language":"ht","use":{"code":"FULLY_SPECIFIED"},"value":"Non"},{"language":"ht","value":"Fo"},{"language":"ur","use":{"code":"FULLY_SPECIFIED"},"value":"نہیں"},{"language":"km","use":{"code":"FULLY_SPECIFIED"},"value":"ទេ"},{"language":"ne","use":{"code":"FULLY_SPECIFIED"},"value":"हुँदैन"}],"property":[{"code":"conceptclass","valueString":"Misc"},{"code":"datatype","valueString":"N/A"}]},{"code":"9860131","display":"New client","designation":[{"language":"en","use":{"code":"FULLY_SPECIFIED"},"value":"New client"},{"language":"en","value":"New patient"}],"property":[{"code":"conceptclass","valueString":"Question"},{"code":"datatype","valueString":"Coded"}]},{"code":"9860133","display":"Transfer in date","designation":[{"language":"en","use":{"code":"FULLY_SPECIFIED"},"value":"Transfer in date"}],"property":[{"code":"conceptclass","valueString":"Question"},{"code":"datatype","valueString":"Date"}]},{"code":"9860135","display":"Transit patient","definition":"A patient who is being seen outside of their regular care setting temporarily to receive medication refills, etc.","designation":[{"language":"en","value":"Transient patient"},{"language":"en","use":{"code":"FULLY_SPECIFIED"},"value":"Transit patient"}],"property":[{"code":"conceptclass","valueString":"Misc"},{"code":"datatype","valueString":"N/A"}]},{"code":"9860137","display":"re-enroll","designation":[{"language":"en","use":{"code":"FULLY_SPECIFIED"},"value":"re-enroll"}],"property":[{"code":"conceptclass","valueString":"Misc"},{"code":"datatype","valueString":"N/A"}]},{"code":"9860143","display":"Treatment end date","designation":[{"language":"en","value":"Date treatment stopped"},{"language":"en","use":{"code":"FULLY_SPECIFIED"},"value":"Treatment end date"},{"language":"es","value":"Fecha en la que se suspendió el tratamiento"}],"property":[{"code":"conceptclass","valueString":"Question"},{"code":"datatype","valueString":"Date"}]},{"code":"9860145","display":"Transferred out","definition":"Patient transferred out to other services","designation":[{"language":"en","use":{"code":"FULLY_SPECIFIED"},"value":"Transferred out"},{"language":"fr","use":{"code":"FULLY_SPECIFIED"},"value":"Transférer au"},{"language":"fr","value":"Reféré vers"},{"language":"ht","use":{"code":"FULLY_SPECIFIED"},"value":"Transfere deyò"}],"property":[{"code":"conceptclass","valueString":"Misc"},{"code":"datatype","valueString":"N/A"}]},{"code":"9860147","display":"Died","designation":[{"language":"en","use":{"code":"FULLY_SPECIFIED"},"value":"Died"},{"language":"es","use":{"code":"FULLY_SPECIFIED"},"value":"Muerte"},{"language":"fr","use":{"code":"FULLY_SPECIFIED"},"value":"Dècédé\t"},{"language":"ht","use":{"code":"FULLY_SPECIFIED"},"value":"mouri"}],"property":[{"code":"conceptclass","valueString":"State"},{"code":"datatype","valueString":"N/A"}]},{"code":"9860151","display":"Treatment interrupted/stopped","designation":[{"language":"en","use":{"code":"FULLY_SPECIFIED"},"value":"Treatment interrupted/stopped"}],"property":[{"code":"conceptclass","valueString":"Finding"},{"code":"datatype","valueString":"N/A"}]},{"code":"9860153","display":"ARV regimen/code for drugs collected","designation":[{"language":"en","use":{"code":"FULLY_SPECIFIED"},"value":"ARV regimen/code for drugs collected"},{"language":"en","value":"ARV regimen/code for drugs dispensed"}],"property":[{"code":"conceptclass","valueString":"Finding"},{"code":"datatype","valueString":"Coded"}]},{"code":"9860155","display":"Antiretroviral treatment start date","definition":"When were the antiretroviral drugs started for the patient?","designation":[{"language":"en","use":{"code":"FULLY_SPECIFIED"},"value":"Antiretroviral treatment start date"},{"language":"en","use":{"code":"SHORT"},"value":"ARV start date"},{"language":"en","value":"ART start date"},{"language":"fr","use":{"code":"FULLY_SPECIFIED"},"value":"Date de début des antirétroviraux"},{"language":"en","value":"Date antiretrovirals started"},{"language":"ht","use":{"code":"FULLY_SPECIFIED"},"value":"Antiretwoviral tretman dat kòmansman"}],"property":[{"code":"conceptclass","valueString":"Finding"},{"code":"datatype","valueString":"Date"}]},{"code":"9860157","display":"Toxicity, drug","definition":"Adverse reaction to a drug (oral, parenteral, topical).","designation":[{"language":"en","use":{"code":"FULLY_SPECIFIED"},"value":"Toxicity, drug"},{"language":"es","use":{"code":"FULLY_SPECIFIED"},"value":"efecto adverso"},{"language":"en","value":"Drug poisoning"},{"language":"en","value":"Drug toxicity"},{"language":"es","value":"toxicidad por droga"},{"language":"fr","use":{"code":"FULLY_SPECIFIED"},"value":"Toxicité au médicaments"},{"language":"ht","use":{"code":"FULLY_SPECIFIED"},"value":"Medikaman toksik"}],"property":[{"code":"conceptclass","valueString":"Diagnosis"},{"code":"datatype","valueString":"N/A"}]},{"code":"9860159","display":"Regimen failure","definition":"Failure of a therapy or treatment to achieve its end points.","designation":[{"language":"en","use":{"code":"FULLY_SPECIFIED"},"value":"Regimen failure"},{"language":"fr","use":{"code":"FULLY_SPECIFIED"},"value":"Échec du traitement"},{"language":"es","use":{"code":"FULLY_SPECIFIED"},"value":"Falla de tratamiento"},{"language":"ht","use":{"code":"FULLY_SPECIFIED"},"value":"Echek rejim"}],"property":[{"code":"conceptclass","valueString":"Finding"},{"code":"datatype","valueString":"N/A"}]},{"code":"9860161","display":"Cannot afford treatment","definition":"Patient unable to pay for treatment.","designation":[{"language":"en","use":{"code":"FULLY_SPECIFIED"},"value":"Cannot afford treatment"},{"language":"es","use":{"code":"FULLY_SPECIFIED"},"value":"No puede costear el tratamiento"},{"language":"fr","use":{"code":"FULLY_SPECIFIED"},"value":"Pouvez pas offrir un traitement"},{"language":"ht","use":{"code":"FULLY_SPECIFIED"},"value":"Pa kapab peye tretman"}],"property":[{"code":"conceptclass","valueString":"Finding"},{"code":"datatype","valueString":"N/A"}]},{"code":"9860163","display":"Isoniazid / pyrazinamide / rifampin","definition":"Combination drug also known as Rifater.  Used in the early treatment of tuberculosis.","designation":[{"language":"en","use":{"code":"FULLY_SPECIFIED"},"value":"Isoniazid / pyrazinamide / rifampin"},{"language":"en","value":"Rifater"},{"language":"en","value":"Rifampicin isoniazid and pyrazinamide"},{"language":"es","value":"Rifampicina+isoniazida+pirazinamida"},{"language":"es","value":"Rifampicina, isoniazida y pirazinamida"}],"property":[{"code":"conceptclass","valueString":"Drug"},{"code":"datatype","valueString":"N/A"}]},{"code":"9860165","display":"Weight change","definition":"Alteration in a patient's weight.  Could represent either a weight gain or loss.","designation":[{"language":"en","use":{"code":"FULLY_SPECIFIED"},"value":"Weight change"}],"property":[{"code":"conceptclass","valueString":"Finding"},{"code":"datatype","valueString":"N/A"}]},{"code":"9860167","display":"Unknown","definition":"Generic answer to a question.","designation":[{"language":"en","use":{"code":"FULLY_SPECIFIED"},"value":"Unknown"},{"language":"fr","use":{"code":"FULLY_SPECIFIED"},"value":"Ne sait pas"},{"language":"fr","value":"Inconnu"},{"language":"rw","use":{"code":"FULLY_SPECIFIED"},"value":"Ntabizi"},{"language":"es","use":{"code":"FULLY_SPECIFIED"},"value":"Desconocido"},{"language":"es","value":"Desconocida"},{"language":"sw","use":{"code":"FULLY_SPECIFIED"},"value":"Haijulikani"},{"language":"ru","use":{"code":"FULLY_SPECIFIED"},"value":"Не известно"},{"language":"bn","use":{"code":"FULLY_SPECIFIED"},"value":"জানিনা"},{"language":"ht","use":{"code":"FULLY_SPECIFIED"},"value":"Enkoni"},{"language":"ur","use":{"code":"FULLY_SPECIFIED"},"value":"معلوم نہیں"},{"language":"km","use":{"code":"FULLY_SPECIFIED"},"value":"មិនដឹង"}],"property":[{"code":"conceptclass","valueString":"Misc"},{"code":"datatype","valueString":"N/A"}]},{"code":"9860169","display":"Ethambutol and isoniazid","definition":"Combination drug used to treat tuberculosis, often used with other drugs.  It's also known as Ethizide.","designation":[{"language":"en","use":{"code":"FULLY_SPECIFIED"},"value":"Ethambutol and isoniazid"},{"language":"en","value":"Ethizide"},{"language":"en","use":{"code":"SHORT"},"value":"Ethambutol / isoniazid"},{"language":"es","value":"Clorhidrato de etambutol+isoniazida"}],"property":[{"code":"conceptclass","valueString":"Drug"},{"code":"datatype","valueString":"N/A"}]},{"code":"9860171","display":"Rifampicin isoniazid pyrazinamide and ethambutol","definition":"Fixed-dose combination drug used to treat tuberculosis.  Also known as Rifafour.","designation":[{"language":"en","use":{"code":"FULLY_SPECIFIED"},"value":"Rifampicin isoniazid pyrazinamide and ethambutol"},{"language":"en","value":"Rifafour"}],"property":[{"code":"conceptclass","valueString":"Drug"},{"code":"datatype","valueString":"N/A"}]},{"code":"9860173","display":"Reason antiretrovirals stopped","definition":"Question on encounter form.  Part of the plan gathers a reason for stopping ARVs.  This concept captures that information.","designation":[{"language":"en","use":{"code":"FULLY_SPECIFIED"},"value":"Reason antiretrovirals stopped"},{"language":"fr","use":{"code":"FULLY_SPECIFIED"},"value":"Antirétroviraux raison d'arrêt"},{"language":"ht","use":{"code":"FULLY_SPECIFIED"},"value":"Rezon dwog antiretwoviral te sispann"},{"language":"en","value":"Reason ARVs stopped"}],"property":[{"code":"conceptclass","valueString":"Question"},{"code":"datatype","valueString":"Coded"}]},{"code":"9860175","display":"Tuberculosis treatment started","definition":"Part of the encounter form plan. Answers are drugs started at the end of the particular encounter.","designation":[{"language":"en","use":{"code":"FULLY_SPECIFIED"},"value":"Tuberculosis treatment started"}],"property":[{"code":"conceptclass","valueString":"Question"},{"code":"datatype","valueString":"Coded"}]},{"code":"9860177","display":"Change formulation","definition":"Answer on encounter form.  Implies that a patient's current drugs will be changed to meet a new formulation.","designation":[{"language":"en","use":{"code":"FULLY_SPECIFIED"},"value":"Change formulation"},{"language":"fr","use":{"code":"FULLY_SPECIFIED"},"value":"Changement de formulation"}],"property":[{"code":"conceptclass","valueString":"Misc Order"},{"code":"datatype","valueString":"N/A"}]},{"code":"9860179","display":"Completed total PMTCT","definition":"Answer to question.  Implies that a person completed a course of total prevention of mother to child transmission therapy.","designation":[{"language":"en","use":{"code":"FULLY_SPECIFIED"},"value":"Completed total PMTCT"},{"language":"fr","use":{"code":"FULLY_SPECIFIED"},"value":"Traitement PTME complete"},{"language":"ht","use":{"code":"FULLY_SPECIFIED"},"value":"Fini ak PTME"}],"property":[{"code":"conceptclass","valueString":"Finding"},{"code":"datatype","valueString":"N/A"}]},{"code":"9860181","display":"Rifampicin and isoniazid","definition":"Combination drug also known as Rifinah. Used in the early treatment of tuberculosis.","designation":[{"language":"en","use":{"code":"FULLY_SPECIFIED"},"value":"Rifampicin and isoniazid"},{"language":"en","value":"Rifinah"},{"language":"es","value":"Rifampicina+isoniazida"},{"language":"es","value":"Rifampicina e isoniazida"}],"property":[{"code":"conceptclass","valueString":"Drug"},{"code":"datatype","valueString":"N/A"}]},{"code":"9860183","display":"Currently pregnant","designation":[{"language":"en","use":{"code":"FULLY_SPECIFIED"},"value":"Currently pregnant"},{"language":"fr","use":{"code":"FULLY_SPECIFIED"},"value":"Femme enceinte"},{"language":"sw","use":{"code":"FULLY_SPECIFIED"},"value":"Ujauzito wa sasa"},{"language":"en","use":{"code":"SHORT"},"value":"Currently pregnant"},{"language":"ht","use":{"code":"FULLY_SPECIFIED"},"value":"Fanm ensent"},{"language":"es","value":"Embarazo confirmado"},{"language":"es","value":"Paciente actualmente embarazada"},{"language":"es","value":"Embarazada"},{"language":"es","use":{"code":"FULLY_SPECIFIED"},"value":"Actualmente embarazada"}],"property":[{"code":"conceptclass","valueString":"Finding"},{"code":"datatype","valueString":"Boolean"}]},{"code":"9860185","display":"Medications unavailable","definition":"Drugs/medications unavailable for use to treat patient. A reason for not receiving/taking medications.","designation":[{"language":"en","use":{"code":"FULLY_SPECIFIED"},"value":"Medications unavailable"},{"language":"en","use":{"code":"SHORT"},"value":"Meds Unavailable"},{"language":"en","value":"Drugs unavailable"},{"language":"fr","use":{"code":"FULLY_SPECIFIED"},"value":"Médicaments non disponibles"},{"language":"en","value":"Drugs out of stock"},{"language":"en","value":"Medications out of stock"},{"language":"ht","use":{"code":"FULLY_SPECIFIED"},"value":"Medikaman pa disponib"},{"language":"es","value":"Fármaco no disponible - no hay reserva"}],"property":[{"code":"conceptclass","valueString":"Question"},{"code":"datatype","valueString":"Coded"}]},{"code":"9860187","display":"Inpatient care or hospitalization","definition":"none","designation":[{"language":"en","use":{"code":"FULLY_SPECIFIED"},"value":"Inpatient care or hospitalization"},{"language":"fr","use":{"code":"FULLY_SPECIFIED"},"value":"Patient hospitalisé"},{"language":"ht","use":{"code":"FULLY_SPECIFIED"},"value":"Entène lopital"},{"language":"es","value":"Cuidado de paciente hospitalizado"}],"property":[{"code":"conceptclass","valueString":"Misc Order"},{"code":"datatype","valueString":"N/A"}]},{"code":"9860189","display":"Other","definition":"A generic, descriptive answer which is a handwritten, non-coded response to a question.","designation":[{"language":"en","use":{"code":"FULLY_SPECIFIED"},"value":"Other non-coded"},{"language":"fr","value":"Autre"},{"language":"sw","value":"Nyinginezo"},{"language":"es","value":"Otro no codificado"},{"language":"en","value":"Other"},{"language":"ht","value":"Lòt"},{"language":"ht","value":"LÒT SAN-KÒD"},{"language":"ht","value":"Lòt ki pa-kode"},{"language":"fr","value":"Autre et non codé"},{"language":"km","use":{"code":"FULLY_SPECIFIED"},"value":"ផ្សេងៗ"},{"language":"ne","use":{"code":"FULLY_SPECIFIED"},"value":"अन्य"}],"property":[{"code":"conceptclass","valueString":"Misc"},{"code":"datatype","valueString":"N/A"}]},{"code":"9860191","display":"Isoniazid","definition":"A crystalline antibacterial compound (C6H7N3O) used in the treatment of tuberculosis. ","designation":[{"language":"en","use":{"code":"FULLY_SPECIFIED"},"value":"Isoniazid"},{"language":"en","value":"Nydrazid"},{"language":"en","value":"Soniazio"},{"language":"en","value":"Tubizid"},{"language":"en","use":{"code":"SHORT"},"value":"INH"},{"language":"fr","use":{"code":"FULLY_SPECIFIED"},"value":"Isoniazid"},{"language":"ht","use":{"code":"FULLY_SPECIFIED"},"value":"izoniazid"},{"language":"ht","value":"Isoniazid"},{"language":"es","value":"Isoniacida"},{"language":"es","value":"Isoniazida"},{"language":"es","value":"Isonicotinilhidrazina"},{"language":"es","value":"Ácido isonicotínco hidrazina"}],"property":[{"code":"conceptclass","valueString":"Drug"},{"code":"datatype","valueString":"N/A"}]},{"code":"9860193","display":"Ethambutol","definition":"Anti-mycobaterial drug used to treat active tuberculosis. Always used with other antimycobacterial agents.","designation":[{"language":"en","use":{"code":"FULLY_SPECIFIED"},"value":"Ethambutol"},{"language":"en","value":"Myambutol"},{"language":"en","use":{"code":"SHORT"},"value":"E"},{"language":"vi","use":{"code":"FULLY_SPECIFIED"},"value":"Ethambutol"},{"language":"fr","use":{"code":"FULLY_SPECIFIED"},"value":"Ethambutol"},{"language":"ht","use":{"code":"FULLY_SPECIFIED"},"value":"Ethambutol"},{"language":"es","value":"Etambutol"}],"property":[{"code":"conceptclass","valueString":"Drug"},{"code":"datatype","valueString":"N/A"}]},{"code":"9860195","display":"Streptomycin","designation":[{"language":"en","use":{"code":"FULLY_SPECIFIED"},"value":"Streptomycin"},{"language":"en","use":{"code":"SHORT"},"value":"S"},{"language":"fr","use":{"code":"FULLY_SPECIFIED"},"value":"Streptomycine\t"},{"language":"ht","use":{"code":"FULLY_SPECIFIED"},"value":"Streptomysin"},{"language":"es","value":"Estreptomicina"}],"property":[{"code":"conceptclass","valueString":"Drug"},{"code":"datatype","valueString":"N/A"}]},{"code":"9860197","display":"Pyrazinamide","definition":"Antituberculosis agent used to treat patients with active tuberculosis, usually in combination with other agents.","designation":[{"language":"en","use":{"code":"FULLY_SPECIFIED"},"value":"Pyrazinamide"},{"language":"en","use":{"code":"SHORT"},"value":"Z"},{"language":"fr","use":{"code":"FULLY_SPECIFIED"},"value":"Pyrazinamide"},{"language":"ht","use":{"code":"FULLY_SPECIFIED"},"value":"Pyrazinamide"},{"language":"es","value":"Pirazinamida"},{"language":"es","value":"Amida de ácido pirazinoico"}],"property":[{"code":"conceptclass","valueString":"Drug"},{"code":"datatype","valueString":"N/A"}]},{"code":"9860199","display":"Refusal of treatment by patient","definition":"Patient or client refusal of or resistance to medical, psychological, or psychiatric treatment. (APA, Thesaurus of Psychological Index Terms, 8th ed.)","designation":[{"language":"en","use":{"code":"FULLY_SPECIFIED"},"value":"Refusal of treatment by patient"},{"language":"es","use":{"code":"FULLY_SPECIFIED"},"value":"rechazo del tratamiento por el paciente"},{"language":"fr","use":{"code":"FULLY_SPECIFIED"},"value":"Refus de traitement par le patient"},{"language":"en","value":"Patient refused treatment"},{"language":"ht","use":{"code":"FULLY_SPECIFIED"},"value":"Pasyan pa vle pran medikaman"}],"property":[{"code":"conceptclass","valueString":"Diagnosis"},{"code":"datatype","valueString":"Boolean"}]},{"code":"9860201","display":"Planned treatment interruption","designation":[{"language":"en","use":{"code":"FULLY_SPECIFIED"},"value":"Planned treatment interruption"},{"language":"en","use":{"code":"SHORT"},"value":"Planned rx interruption"}],"property":[{"code":"conceptclass","valueString":"Misc"},{"code":"datatype","valueString":"N/A"}]},{"code":"9860203","display":"Non-compliance with treatment or therapy","definition":"Not following the prescribed course of therapy or not taking prescribed medicines.","designation":[{"language":"en","use":{"code":"FULLY_SPECIFIED"},"value":"Non-compliance with treatment or therapy"},{"language":"en","value":"Non-adherence with treatment or therapy"},{"language":"en","value":"Poor adherence with treatment or therapy"},{"language":"fr","use":{"code":"FULLY_SPECIFIED"},"value":"Le non-respect d'un traitement ou d'une thérapie"},{"language":"ht","use":{"code":"FULLY_SPECIFIED"},"value":"Ki pa konfòm avèk tretman oswa terapi"},{"language":"es","value":"Incumplimiento del paciente - general"},{"language":"es","value":"Adherencia del paciente nula - general"}],"property":[{"code":"conceptclass","valueString":"Finding"},{"code":"datatype","valueString":"N/A"}]},{"code":"9860205","display":"Treatment never started - patient refused","designation":[{"language":"en","use":{"code":"FULLY_SPECIFIED"},"value":"Treatment never started - patient refused"},{"language":"fr","use":{"code":"FULLY_SPECIFIED"},"value":"Traitement jamais commencer - patient refus"},{"language":"ht","use":{"code":"FULLY_SPECIFIED"},"value":"Tretman pa janm kòmanse - pasyan refize"}],"property":[{"code":"conceptclass","valueString":"State"},{"code":"datatype","valueString":"N/A"}]},{"code":"9860207","display":"Other patient decision","designation":[{"language":"en","use":{"code":"FULLY_SPECIFIED"},"value":"Other patient decision"}],"property":[{"code":"conceptclass","valueString":"Misc"},{"code":"datatype","valueString":"N/A"}]},{"code":"9860209","display":"Patient age","definition":"Generic answer to a question.  For example, a patient stops a medication because of his or her age.","designation":[{"language":"en","use":{"code":"FULLY_SPECIFIED"},"value":"Patient age"},{"language":"es","value":"Factor etario"},{"language":"es","use":{"code":"FULLY_SPECIFIED"},"value":"Edad del paciente"}],"property":[{"code":"conceptclass","valueString":"Misc"},{"code":"datatype","valueString":"N/A"}]},{"code":"9860211","display":"Gender identity","designation":[{"language":"en","use":{"code":"FULLY_SPECIFIED"},"value":"Gender identity"},{"language":"es","value":"Identidad de género"}],"property":[{"code":"conceptclass","valueString":"Question"},{"code":"datatype","valueString":"Coded"}]},{"code":"9860213","display":"Identifies as male gender","designation":[{"language":"en","use":{"code":"SHORT"},"value":"Male"},{"language":"en","use":{"code":"FULLY_SPECIFIED"},"value":"Identifies as male gender"},{"language":"es","value":"Se identifica como género masculino"},{"language":"es","value":"Identidad de género masculino"},{"language":"es","value":"Identidad masculina"}],"property":[{"code":"conceptclass","valueString":"Finding"},{"code":"datatype","valueString":"N/A"}]},{"code":"9860215","display":"Identifies as female gender","designation":[{"language":"en","use":{"code":"SHORT"},"value":"Female"},{"language":"en","use":{"code":"FULLY_SPECIFIED"},"value":"Identifies as female gender"},{"language":"es","value":"Se identifica como género femenino"},{"language":"es","value":"Identidad de género femenino"},{"language":"es","value":"Identidad femenina"}],"property":[{"code":"conceptclass","valueString":"Finding"},{"code":"datatype","valueString":"N/A"}]},{"code":"9860217","display":"Male to female transsexual","designation":[{"language":"en","use":{"code":"FULLY_SPECIFIED"},"value":"Male to female transsexual"},{"language":"es","value":"Transexual, mujer a hombre"}],"property":[{"code":"conceptclass","valueString":"Finding"},{"code":"datatype","valueString":"N/A"}]},{"code":"9860219","display":"Female to male transsexual","designation":[{"language":"en","use":{"code":"FULLY_SPECIFIED"},"value":"Female to male transsexual"},{"language":"es","value":"Cirugía intersexual, conversión de sexo femenino a sexo masculino"}],"property":[{"code":"conceptclass","valueString":"Finding"},{"code":"datatype","valueString":"N/A"}]},{"code":"9860221","display":"Identifies as non-binary gender","designation":[{"language":"en","use":{"code":"FULLY_SPECIFIED"},"value":"Identifies as non-binary gender"},{"language":"es","value":"Se identifica como género no binario"},{"language":"es","value":"Identidad de género no binario"}],"property":[{"code":"conceptclass","valueString":"Finding"},{"code":"datatype","valueString":"N/A"}]},{"code":"9860223","display":"Female gender","designation":[{"language":"en","use":{"code":"FULLY_SPECIFIED"},"value":"Female gender"},{"language":"fr","use":{"code":"FULLY_SPECIFIED"},"value":"Sexe féminin"},{"language":"en","value":"Female"},{"language":"ru","use":{"code":"FULLY_SPECIFIED"},"value":"Женщины"},{"language":"ht","use":{"code":"FULLY_SPECIFIED"},"value":"Sèks fi"},{"language":"km","use":{"code":"FULLY_SPECIFIED"},"value":"ស្រី"},{"language":"es","value":"Mujer"}],"property":[{"code":"conceptclass","valueString":"Misc"},{"code":"datatype","valueString":"N/A"}]},{"code":"9860225","display":"Restart medication","designation":[{"language":"es","value":"Reinicio de la medicación"},{"language":"en","use":{"code":"FULLY_SPECIFIED"},"value":"Restart medication"}],"property":[{"code":"conceptclass","valueString":"Procedure"},{"code":"datatype","valueString":"N/A"}]},{"code":"9860227","display":"Currently breastfeeding child","definition":"Question on encounter form: \"Is the child currently being breastfed?\"","designation":[{"language":"en","use":{"code":"FULLY_SPECIFIED"},"value":"Currently breastfeeding child"},{"language":"fr","use":{"code":"FULLY_SPECIFIED"},"value":"Allaitement de l'enfant en cours"},{"language":"ht","use":{"code":"FULLY_SPECIFIED"},"value":"Ap bay tete nan moman a"},{"language":"fr","value":"Allaite actuellement"},{"language":"es","value":"Amamantamiento (madre)"}],"property":[{"code":"conceptclass","valueString":"Question"},{"code":"datatype","valueString":"Coded"}]},{"code":"9860229","display":"New patient identifier","definition":"Link to new patient identifier if patient has transferred out of facility","designation":[{"language":"en","value":"New patient ID"},{"language":"en","use":{"code":"FULLY_SPECIFIED"},"value":"New patient identifier"}],"property":[{"code":"conceptclass","valueString":"Misc"},{"code":"datatype","valueString":"Text"}]},{"code":"9860231","display":"Reason for lost to follow up","definition":"Why the patient did not follow up with the health care?","designation":[{"language":"en","use":{"code":"FULLY_SPECIFIED"},"value":"Reason for lost to follow up"}],"property":[{"code":"conceptclass","valueString":"Misc"},{"code":"datatype","valueString":"Text"}]},{"code":"9860233","display":"Health facility","designation":[{"language":"en","use":{"code":"FULLY_SPECIFIED"},"value":"Health facility"},{"language":"fr","use":{"code":"FULLY_SPECIFIED"},"value":"Centre médical"},{"language":"es","value":"Institución sanitaria"}],"property":[{"code":"conceptclass","valueString":"Misc"},{"code":"datatype","valueString":"N/A"}]},{"code":"9860235","display":"Community","definition":"People with whom the client lives in the same geographical area or neighborhood","designation":[{"language":"en","use":{"code":"FULLY_SPECIFIED"},"value":"Community"},{"language":"id","use":{"code":"FULLY_SPECIFIED"},"value":"Masyarakat"},{"language":"es","value":"Comunidad"},{"language":"es","value":"Comunidad (contexto social)"}],"property":[{"code":"conceptclass","valueString":"Misc"},{"code":"datatype","valueString":"N/A"}]},{"code":"9860237","display":"mobile voluntary counseling and testing program","designation":[{"language":"en","use":{"code":"SHORT"},"value":"mobile VCT program"},{"language":"en","use":{"code":"FULLY_SPECIFIED"},"value":"mobile voluntary counseling and testing program"}],"property":[{"code":"conceptclass","valueString":"Misc"},{"code":"datatype","valueString":"Coded"}]},{"code":"9860239","display":"Home based HIV testing program","designation":[{"language":"en","use":{"code":"FULLY_SPECIFIED"},"value":"Home based HIV testing program"},{"language":"en","use":{"code":"SHORT"},"value":"HCT program"},{"language":"fr","use":{"code":"FULLY_SPECIFIED"},"value":"Programme de dépistage du VIH à domicile"},{"language":"ht","use":{"code":"FULLY_SPECIFIED"},"value":"Pwogram tès VIH sante kominote"}],"property":[{"code":"conceptclass","valueString":"Misc"},{"code":"datatype","valueString":"N/A"}]},{"code":"9860241","display":"HIV positive","definition":"Includes the spectrum of human immunodeficiency virus infections that range from asymptomatic seropositivity, thru AIDS-related complex (ARC), to acquired immunodeficiency syndrome (AIDS).","designation":[{"language":"en","use":{"code":"FULLY_SPECIFIED"},"value":"HIV positive"},{"language":"es","use":{"code":"FULLY_SPECIFIED"},"value":"virus de la inmunodeficiencia humana positivo"},{"language":"fr","value":"Séropositif"},{"language":"fr","use":{"code":"FULLY_SPECIFIED"},"value":"Virus de l'immunodéficience humaine positif"},{"language":"vi","use":{"code":"FULLY_SPECIFIED"},"value":"Tích cực HIV"}],"property":[{"code":"conceptclass","valueString":"Diagnosis"},{"code":"datatype","valueString":"N/A"}]},{"code":"9860243","display":"Negative","definition":"Response to a finding or test result.","designation":[{"language":"en","use":{"code":"FULLY_SPECIFIED"},"value":"Negative"},{"language":"fr","use":{"code":"FULLY_SPECIFIED"},"value":"Négatif"},{"language":"en","value":"(-)"},{"language":"en","value":"-"},{"language":"en","value":"Neg"},{"language":"es","use":{"code":"FULLY_SPECIFIED"},"value":"Negativo"},{"language":"es","value":"Negativa"},{"language":"es","value":"Neg"},{"language":"es","value":"(-)"},{"language":"sw","use":{"code":"FULLY_SPECIFIED"},"value":"Hasi"},{"language":"ht","use":{"code":"FULLY_SPECIFIED"},"value":"Négatif"}],"property":[{"code":"conceptclass","valueString":"Misc"},{"code":"datatype","valueString":"N/A"}]},{"code":"9921831","display":"HIV program end date","definition":"Question on encounter form. The date the patient was removed from the HIV program.","designation":[{"language":"en","use":{"code":"FULLY_SPECIFIED"},"value":"HIV program end date"},{"language":"fr","use":{"code":"FULLY_SPECIFIED"},"value":"Date de fin du programme VIH"},{"language":"ht","use":{"code":"FULLY_SPECIFIED"},"value":"Dat fini ak pwogram VIH"}],"property":[{"code":"conceptclass","valueString":"Question"},{"code":"datatype","valueString":"Datetime"}]},{"code":"5240","display":"Lost to followup","definition":"Patients that are lost to followup.. boolean question.","designation":[{"language":"en","use":{"code":"FULLY_SPECIFIED"},"value":"Lost to followup"}],"property":[{"code":"conceptclass","valueString":"Question"},{"code":"datatype","valueString":"Boolean"}]}]}