{"resourceType":"ImplementationGuide","id":"fhir.hivfhirIg","text":{"status":"generated","div":"<div xmlns=\"http://www.w3.org/1999/xhtml\"><p class=\"res-header-id\"><b>Generated Narrative: ImplementationGuide fhir.hivfhirIg</b></p><a name=\"fhir.hivfhirIg\"> </a><a name=\"hcfhir.hivfhirIg\"> </a><a name=\"fhir.hivfhirIg-en-US\"> </a><h2>HIVFHIRIG</h2><p>The official URL for this implementation guide is: </p><pre>https://IntelliSOFT-Consulting.github.io/HIV-FHIR-IG/ImplementationGuide/fhir.hivfhirIg</pre></div>"},"url":"https://IntelliSOFT-Consulting.github.io/HIV-FHIR-IG/ImplementationGuide/fhir.hivfhirIg","version":"0.1.0","name":"HIVFHIRIG","status":"draft","date":"2025-01-15T14:05:09+00:00","publisher":"intellisoftkenya","contact":[{"name":"intellisoftkenya","telecom":[{"system":"url","value":"https://www.intellisoftkenya.com/"}]}],"packageId":"fhir.hivfhirIg","license":"CC0-1.0","fhirVersion":["4.0.1"],"dependsOn":[{"id":"hl7tx","extension":[{"url":"http://hl7.org/fhir/tools/StructureDefinition/implementationguide-dependency-comment","valueMarkdown":"Automatically added as a dependency - all IGs depend on HL7 Terminology"}],"uri":"http://terminology.hl7.org/ImplementationGuide/hl7.terminology","packageId":"hl7.terminology.r4","version":"6.1.0"},{"id":"hl7ext","extension":[{"url":"http://hl7.org/fhir/tools/StructureDefinition/implementationguide-dependency-comment","valueMarkdown":"Automatically added as a dependency - all IGs depend on the HL7 Extension Pack"}],"uri":"http://hl7.org/fhir/extensions/ImplementationGuide/hl7.fhir.uv.extensions","packageId":"hl7.fhir.uv.extensions.r4","version":"5.1.0"}],"definition":{"extension":[{"extension":[{"url":"code","valueString":"copyrightyear"},{"url":"value","valueString":"2024+"}],"url":"http://hl7.org/fhir/tools/StructureDefinition/ig-parameter"},{"extension":[{"url":"code","valueString":"releaselabel"},{"url":"value","valueString":"ci-build"}],"url":"http://hl7.org/fhir/tools/StructureDefinition/ig-parameter"},{"extension":[{"url":"code","valueString":"path-binary"},{"url":"value","valueString":"input/cql"}],"url":"http://hl7.org/fhir/tools/StructureDefinition/ig-parameter"},{"extension":[{"url":"code","valueString":"active-tables"},{"url":"value","valueString":"false"}],"url":"http://hl7.org/fhir/tools/StructureDefinition/ig-parameter"},{"extension":[{"url":"code","valueString":"apply-contact"},{"url":"value","valueString":"true"}],"url":"http://hl7.org/fhir/tools/StructureDefinition/ig-parameter"},{"extension":[{"url":"code","valueString":"apply-jurisdiction"},{"url":"value","valueString":"true"}],"url":"http://hl7.org/fhir/tools/StructureDefinition/ig-parameter"},{"extension":[{"url":"code","valueString":"apply-publisher"},{"url":"value","valueString":"true"}],"url":"http://hl7.org/fhir/tools/StructureDefinition/ig-parameter"},{"extension":[{"url":"code","valueString":"apply-version"},{"url":"value","valueString":"true"}],"url":"http://hl7.org/fhir/tools/StructureDefinition/ig-parameter"},{"extension":[{"url":"code","valueString":"show-inherited-invariants"},{"url":"value","valueString":"false"}],"url":"http://hl7.org/fhir/tools/StructureDefinition/ig-parameter"},{"extension":[{"url":"code","valueString":"usage-stats-opt-out"},{"url":"value","valueString":"true"}],"url":"http://hl7.org/fhir/tools/StructureDefinition/ig-parameter"},{"extension":[{"url":"code","valueString":"autoload-resources"},{"url":"value","valueString":"true"}],"url":"http://hl7.org/fhir/tools/StructureDefinition/ig-parameter"},{"extension":[{"url":"code","valueString":"shownav"},{"url":"value","valueString":"true"}],"url":"http://hl7.org/fhir/tools/StructureDefinition/ig-parameter"},{"extension":[{"url":"code","valueString":"validation"},{"url":"value","valueString":"allow-any-extensions"}],"url":"http://hl7.org/fhir/tools/StructureDefinition/ig-parameter"},{"extension":[{"url":"code","valueString":"path-liquid"},{"url":"value","valueString":"template/liquid"}],"url":"http://hl7.org/fhir/tools/StructureDefinition/ig-parameter"},{"extension":[{"url":"code","valueString":"path-liquid"},{"url":"value","valueString":"input/liquid"}],"url":"http://hl7.org/fhir/tools/StructureDefinition/ig-parameter"},{"extension":[{"url":"code","valueString":"path-qa"},{"url":"value","valueString":"temp/qa"}],"url":"http://hl7.org/fhir/tools/StructureDefinition/ig-parameter"},{"extension":[{"url":"code","valueString":"path-temp"},{"url":"value","valueString":"temp/pages"}],"url":"http://hl7.org/fhir/tools/StructureDefinition/ig-parameter"},{"extension":[{"url":"code","valueString":"path-output"},{"url":"value","valueString":"output"}],"url":"http://hl7.org/fhir/tools/StructureDefinition/ig-parameter"},{"extension":[{"url":"code","valueString":"path-suppressed-warnings"},{"url":"value","valueString":"input/ignoreWarnings.txt"}],"url":"http://hl7.org/fhir/tools/StructureDefinition/ig-parameter"},{"extension":[{"url":"code","valueString":"path-history"},{"url":"value","valueString":"https://IntelliSOFT-Consulting.github.io/HIV-FHIR-IG/history.html"}],"url":"http://hl7.org/fhir/tools/StructureDefinition/ig-parameter"},{"extension":[{"url":"code","valueString":"template-html"},{"url":"value","valueString":"template-page.html"}],"url":"http://hl7.org/fhir/tools/StructureDefinition/ig-parameter"},{"extension":[{"url":"code","valueString":"template-md"},{"url":"value","valueString":"template-page-md.html"}],"url":"http://hl7.org/fhir/tools/StructureDefinition/ig-parameter"},{"extension":[{"url":"code","valueString":"apply-context"},{"url":"value","valueString":"true"}],"url":"http://hl7.org/fhir/tools/StructureDefinition/ig-parameter"},{"extension":[{"url":"code","valueString":"apply-copyright"},{"url":"value","valueString":"true"}],"url":"http://hl7.org/fhir/tools/StructureDefinition/ig-parameter"},{"extension":[{"url":"code","valueString":"apply-license"},{"url":"value","valueString":"true"}],"url":"http://hl7.org/fhir/tools/StructureDefinition/ig-parameter"},{"extension":[{"url":"code","valueString":"apply-wg"},{"url":"value","valueString":"true"}],"url":"http://hl7.org/fhir/tools/StructureDefinition/ig-parameter"},{"extension":[{"url":"code","valueString":"fmm-definition"},{"url":"value","valueString":"http://hl7.org/fhir/versions.html#maturity"}],"url":"http://hl7.org/fhir/tools/StructureDefinition/ig-parameter"},{"extension":[{"url":"code","valueString":"propagate-status"},{"url":"value","valueString":"true"}],"url":"http://hl7.org/fhir/tools/StructureDefinition/ig-parameter"},{"extension":[{"url":"code","valueString":"excludelogbinaryformat"},{"url":"value","valueString":"true"}],"url":"http://hl7.org/fhir/tools/StructureDefinition/ig-parameter"},{"extension":[{"url":"code","valueString":"tabbed-snapshots"},{"url":"value","valueString":"true"}],"url":"http://hl7.org/fhir/tools/StructureDefinition/ig-parameter"},{"url":"http://hl7.org/fhir/tools/StructureDefinition/ig-internal-dependency","valueCode":"hl7.fhir.uv.tools.r4#0.3.0"},{"extension":[{"url":"code","valueCode":"copyrightyear"},{"url":"value","valueString":"2024+"}],"url":"http://hl7.org/fhir/tools/StructureDefinition/ig-parameter"},{"extension":[{"url":"code","valueCode":"releaselabel"},{"url":"value","valueString":"ci-build"}],"url":"http://hl7.org/fhir/tools/StructureDefinition/ig-parameter"},{"extension":[{"url":"code","valueCode":"path-binary"},{"url":"value","valueString":"input/cql"}],"url":"http://hl7.org/fhir/tools/StructureDefinition/ig-parameter"},{"extension":[{"url":"code","valueCode":"active-tables"},{"url":"value","valueString":"false"}],"url":"http://hl7.org/fhir/tools/StructureDefinition/ig-parameter"},{"extension":[{"url":"code","valueCode":"apply-contact"},{"url":"value","valueString":"true"}],"url":"http://hl7.org/fhir/tools/StructureDefinition/ig-parameter"},{"extension":[{"url":"code","valueCode":"apply-jurisdiction"},{"url":"value","valueString":"true"}],"url":"http://hl7.org/fhir/tools/StructureDefinition/ig-parameter"},{"extension":[{"url":"code","valueCode":"apply-publisher"},{"url":"value","valueString":"true"}],"url":"http://hl7.org/fhir/tools/StructureDefinition/ig-parameter"},{"extension":[{"url":"code","valueCode":"apply-version"},{"url":"value","valueString":"true"}],"url":"http://hl7.org/fhir/tools/StructureDefinition/ig-parameter"},{"extension":[{"url":"code","valueCode":"show-inherited-invariants"},{"url":"value","valueString":"false"}],"url":"http://hl7.org/fhir/tools/StructureDefinition/ig-parameter"},{"extension":[{"url":"code","valueCode":"usage-stats-opt-out"},{"url":"value","valueString":"true"}],"url":"http://hl7.org/fhir/tools/StructureDefinition/ig-parameter"},{"extension":[{"url":"code","valueCode":"autoload-resources"},{"url":"value","valueString":"true"}],"url":"http://hl7.org/fhir/tools/StructureDefinition/ig-parameter"},{"extension":[{"url":"code","valueCode":"shownav"},{"url":"value","valueString":"true"}],"url":"http://hl7.org/fhir/tools/StructureDefinition/ig-parameter"},{"extension":[{"url":"code","valueCode":"validation"},{"url":"value","valueString":"allow-any-extensions"}],"url":"http://hl7.org/fhir/tools/StructureDefinition/ig-parameter"},{"extension":[{"url":"code","valueCode":"path-liquid"},{"url":"value","valueString":"template/liquid"}],"url":"http://hl7.org/fhir/tools/StructureDefinition/ig-parameter"},{"extension":[{"url":"code","valueCode":"path-liquid"},{"url":"value","valueString":"input/liquid"}],"url":"http://hl7.org/fhir/tools/StructureDefinition/ig-parameter"},{"extension":[{"url":"code","valueCode":"path-qa"},{"url":"value","valueString":"temp/qa"}],"url":"http://hl7.org/fhir/tools/StructureDefinition/ig-parameter"},{"extension":[{"url":"code","valueCode":"path-temp"},{"url":"value","valueString":"temp/pages"}],"url":"http://hl7.org/fhir/tools/StructureDefinition/ig-parameter"},{"extension":[{"url":"code","valueCode":"path-output"},{"url":"value","valueString":"output"}],"url":"http://hl7.org/fhir/tools/StructureDefinition/ig-parameter"},{"extension":[{"url":"code","valueCode":"path-suppressed-warnings"},{"url":"value","valueString":"input/ignoreWarnings.txt"}],"url":"http://hl7.org/fhir/tools/StructureDefinition/ig-parameter"},{"extension":[{"url":"code","valueCode":"path-history"},{"url":"value","valueString":"https://IntelliSOFT-Consulting.github.io/HIV-FHIR-IG/history.html"}],"url":"http://hl7.org/fhir/tools/StructureDefinition/ig-parameter"},{"extension":[{"url":"code","valueCode":"template-html"},{"url":"value","valueString":"template-page.html"}],"url":"http://hl7.org/fhir/tools/StructureDefinition/ig-parameter"},{"extension":[{"url":"code","valueCode":"template-md"},{"url":"value","valueString":"template-page-md.html"}],"url":"http://hl7.org/fhir/tools/StructureDefinition/ig-parameter"},{"extension":[{"url":"code","valueCode":"apply-context"},{"url":"value","valueString":"true"}],"url":"http://hl7.org/fhir/tools/StructureDefinition/ig-parameter"},{"extension":[{"url":"code","valueCode":"apply-copyright"},{"url":"value","valueString":"true"}],"url":"http://hl7.org/fhir/tools/StructureDefinition/ig-parameter"},{"extension":[{"url":"code","valueCode":"apply-license"},{"url":"value","valueString":"true"}],"url":"http://hl7.org/fhir/tools/StructureDefinition/ig-parameter"},{"extension":[{"url":"code","valueCode":"apply-wg"},{"url":"value","valueString":"true"}],"url":"http://hl7.org/fhir/tools/StructureDefinition/ig-parameter"},{"extension":[{"url":"code","valueCode":"fmm-definition"},{"url":"value","valueString":"http://hl7.org/fhir/versions.html#maturity"}],"url":"http://hl7.org/fhir/tools/StructureDefinition/ig-parameter"},{"extension":[{"url":"code","valueCode":"propagate-status"},{"url":"value","valueString":"true"}],"url":"http://hl7.org/fhir/tools/StructureDefinition/ig-parameter"},{"extension":[{"url":"code","valueCode":"excludelogbinaryformat"},{"url":"value","valueString":"true"}],"url":"http://hl7.org/fhir/tools/StructureDefinition/ig-parameter"},{"extension":[{"url":"code","valueCode":"tabbed-snapshots"},{"url":"value","valueString":"true"}],"url":"http://hl7.org/fhir/tools/StructureDefinition/ig-parameter"},{"extension":[{"url":"code","valueCode":"copyrightyear"},{"url":"value","valueString":"2024+"}],"url":"http://hl7.org/fhir/tools/StructureDefinition/ig-parameter"},{"extension":[{"url":"code","valueCode":"releaselabel"},{"url":"value","valueString":"ci-build"}],"url":"http://hl7.org/fhir/tools/StructureDefinition/ig-parameter"},{"extension":[{"url":"code","valueCode":"path-binary"},{"url":"value","valueString":"input/cql"}],"url":"http://hl7.org/fhir/tools/StructureDefinition/ig-parameter"},{"extension":[{"url":"code","valueCode":"active-tables"},{"url":"value","valueString":"false"}],"url":"http://hl7.org/fhir/tools/StructureDefinition/ig-parameter"},{"extension":[{"url":"code","valueCode":"apply-contact"},{"url":"value","valueString":"true"}],"url":"http://hl7.org/fhir/tools/StructureDefinition/ig-parameter"},{"extension":[{"url":"code","valueCode":"apply-jurisdiction"},{"url":"value","valueString":"true"}],"url":"http://hl7.org/fhir/tools/StructureDefinition/ig-parameter"},{"extension":[{"url":"code","valueCode":"apply-publisher"},{"url":"value","valueString":"true"}],"url":"http://hl7.org/fhir/tools/StructureDefinition/ig-parameter"},{"extension":[{"url":"code","valueCode":"apply-version"},{"url":"value","valueString":"true"}],"url":"http://hl7.org/fhir/tools/StructureDefinition/ig-parameter"},{"extension":[{"url":"code","valueCode":"show-inherited-invariants"},{"url":"value","valueString":"false"}],"url":"http://hl7.org/fhir/tools/StructureDefinition/ig-parameter"},{"extension":[{"url":"code","valueCode":"usage-stats-opt-out"},{"url":"value","valueString":"true"}],"url":"http://hl7.org/fhir/tools/StructureDefinition/ig-parameter"},{"extension":[{"url":"code","valueCode":"autoload-resources"},{"url":"value","valueString":"true"}],"url":"http://hl7.org/fhir/tools/StructureDefinition/ig-parameter"},{"extension":[{"url":"code","valueCode":"shownav"},{"url":"value","valueString":"true"}],"url":"http://hl7.org/fhir/tools/StructureDefinition/ig-parameter"},{"extension":[{"url":"code","valueCode":"validation"},{"url":"value","valueString":"allow-any-extensions"}],"url":"http://hl7.org/fhir/tools/StructureDefinition/ig-parameter"},{"extension":[{"url":"code","valueCode":"path-liquid"},{"url":"value","valueString":"template/liquid"}],"url":"http://hl7.org/fhir/tools/StructureDefinition/ig-parameter"},{"extension":[{"url":"code","valueCode":"path-liquid"},{"url":"value","valueString":"input/liquid"}],"url":"http://hl7.org/fhir/tools/StructureDefinition/ig-parameter"},{"extension":[{"url":"code","valueCode":"path-qa"},{"url":"value","valueString":"temp/qa"}],"url":"http://hl7.org/fhir/tools/StructureDefinition/ig-parameter"},{"extension":[{"url":"code","valueCode":"path-temp"},{"url":"value","valueString":"temp/pages"}],"url":"http://hl7.org/fhir/tools/StructureDefinition/ig-parameter"},{"extension":[{"url":"code","valueCode":"path-output"},{"url":"value","valueString":"output"}],"url":"http://hl7.org/fhir/tools/StructureDefinition/ig-parameter"},{"extension":[{"url":"code","valueCode":"path-suppressed-warnings"},{"url":"value","valueString":"input/ignoreWarnings.txt"}],"url":"http://hl7.org/fhir/tools/StructureDefinition/ig-parameter"},{"extension":[{"url":"code","valueCode":"path-history"},{"url":"value","valueString":"https://IntelliSOFT-Consulting.github.io/HIV-FHIR-IG/history.html"}],"url":"http://hl7.org/fhir/tools/StructureDefinition/ig-parameter"},{"extension":[{"url":"code","valueCode":"template-html"},{"url":"value","valueString":"template-page.html"}],"url":"http://hl7.org/fhir/tools/StructureDefinition/ig-parameter"},{"extension":[{"url":"code","valueCode":"template-md"},{"url":"value","valueString":"template-page-md.html"}],"url":"http://hl7.org/fhir/tools/StructureDefinition/ig-parameter"},{"extension":[{"url":"code","valueCode":"apply-context"},{"url":"value","valueString":"true"}],"url":"http://hl7.org/fhir/tools/StructureDefinition/ig-parameter"},{"extension":[{"url":"code","valueCode":"apply-copyright"},{"url":"value","valueString":"true"}],"url":"http://hl7.org/fhir/tools/StructureDefinition/ig-parameter"},{"extension":[{"url":"code","valueCode":"apply-license"},{"url":"value","valueString":"true"}],"url":"http://hl7.org/fhir/tools/StructureDefinition/ig-parameter"},{"extension":[{"url":"code","valueCode":"apply-wg"},{"url":"value","valueString":"true"}],"url":"http://hl7.org/fhir/tools/StructureDefinition/ig-parameter"},{"extension":[{"url":"code","valueCode":"fmm-definition"},{"url":"value","valueString":"http://hl7.org/fhir/versions.html#maturity"}],"url":"http://hl7.org/fhir/tools/StructureDefinition/ig-parameter"},{"extension":[{"url":"code","valueCode":"propagate-status"},{"url":"value","valueString":"true"}],"url":"http://hl7.org/fhir/tools/StructureDefinition/ig-parameter"},{"extension":[{"url":"code","valueCode":"excludelogbinaryformat"},{"url":"value","valueString":"true"}],"url":"http://hl7.org/fhir/tools/StructureDefinition/ig-parameter"},{"extension":[{"url":"code","valueCode":"tabbed-snapshots"},{"url":"value","valueString":"true"}],"url":"http://hl7.org/fhir/tools/StructureDefinition/ig-parameter"}],"grouping":[{"id":"-ka-measure","name":"Knowledge Artifacts: Measure","description":"These define measures as part of content in this implementation guide."},{"id":"-ka-library","name":"Knowledge Artifacts: Libraries","description":"These define logic, asset collections and other libraries as part of content in this implementation guide."},{"id":"-str-profile","name":"Structures: Resource Profiles","description":"These define constraints on FHIR resources for systems conforming to this implementation guide."},{"id":"-term-valueset","name":"Terminology: Value Sets","description":"These define sets of codes used by systems conforming to this implementation guide."},{"id":"-term-codesystem","name":"Terminology: Code Systems","description":"These define new code systems used by systems conforming to this implementation guide."},{"id":"-ex-example","name":"Example: Example Instances","description":"These are example instances that show what data produced and consumed by systems conforming with this implementation guide might look like."},{"id":"-other","name":"Other","description":"These are resources that are used within this implementation guide that do not fit into one of the other categories."}],"resource":[{"extension":[{"url":"http://hl7.org/fhir/tools/StructureDefinition/resource-sort","valueInteger":999999999},{"url":"http://hl7.org/fhir/StructureDefinition/implementationguide-page","valueUri":"Measure-HIVIND18.html"},{"extension":[{"url":"type","valueCode":"Library"},{"url":"id","valueId":"effective-data-requirements"},{"url":"title","valueString":"Library"},{"url":"description"}],"url":"http://hl7.org/fhir/tools/StructureDefinition/contained-resource-information"}],"reference":{"reference":"Measure/HIVIND18"},"name":"HIV.IND.18 People living with HIV who know their HIV status (first 95)","description":"Number and % of people living with HIV who know their HIV status","exampleBoolean":false,"groupingId":"-ka-measure"},{"extension":[{"url":"http://hl7.org/fhir/tools/StructureDefinition/resource-sort","valueInteger":999999999},{"url":"http://hl7.org/fhir/StructureDefinition/implementationguide-page","valueUri":"Measure-HIVIND27.html"},{"extension":[{"url":"type","valueCode":"Library"},{"url":"id","valueId":"effective-data-requirements"},{"url":"title","valueString":"Library"},{"url":"description"}],"url":"http://hl7.org/fhir/tools/StructureDefinition/contained-resource-information"}],"reference":{"reference":"Measure/HIVIND27"},"name":"HIV.IND.27 People living with HIV on ART","description":"Number and % of people on ART among all people living with HIV at the end of the reporting period","exampleBoolean":false,"groupingId":"-ka-measure"},{"extension":[{"url":"http://hl7.org/fhir/tools/StructureDefinition/resource-sort","valueInteger":999999999},{"url":"http://hl7.org/fhir/StructureDefinition/implementationguide-page","valueUri":"Measure-HIVIND28.html"},{"extension":[{"url":"type","valueCode":"Library"},{"url":"id","valueId":"effective-data-requirements"},{"url":"title","valueString":"Library"},{"url":"description"}],"url":"http://hl7.org/fhir/tools/StructureDefinition/contained-resource-information"}],"reference":{"reference":"Measure/HIVIND28"},"name":"HIV.IND.28 Total attrition from ART","description":"Number and % of people living with HIV on ART at the end of the last reporting period and those newly initiating ART during the current reporting period who were not on ART at the end of the current reporting period","exampleBoolean":false,"groupingId":"-ka-measure"},{"extension":[{"url":"http://hl7.org/fhir/tools/StructureDefinition/resource-sort","valueInteger":999999999},{"url":"http://hl7.org/fhir/StructureDefinition/implementationguide-page","valueUri":"Measure-HIVIND29.html"},{"extension":[{"url":"type","valueCode":"Library"},{"url":"id","valueId":"effective-data-requirements"},{"url":"title","valueString":"Library"},{"url":"description"}],"url":"http://hl7.org/fhir/tools/StructureDefinition/contained-resource-information"}],"reference":{"reference":"Measure/HIVIND29"},"name":"HIV.IND.29 People living with HIV on ART who have suppressed viral load","description":"% of people living with HIV on ART (for at least six months) who have virological suppression","exampleBoolean":false,"groupingId":"-ka-measure"},{"extension":[{"url":"http://hl7.org/fhir/tools/StructureDefinition/resource-sort","valueInteger":999999999},{"url":"http://hl7.org/fhir/StructureDefinition/implementationguide-page","valueUri":"Measure-HIVIND30.html"},{"extension":[{"url":"type","valueCode":"Library"},{"url":"id","valueId":"effective-data-requirements"},{"url":"title","valueString":"Library"},{"url":"description"}],"url":"http://hl7.org/fhir/tools/StructureDefinition/contained-resource-information"}],"reference":{"reference":"Measure/HIVIND30"},"name":"HIV.IND.30 New ART patients","description":"Number of people living with HIV who initiated ART","exampleBoolean":false,"groupingId":"-ka-measure"},{"extension":[{"url":"http://hl7.org/fhir/tools/StructureDefinition/resource-sort","valueInteger":999999999},{"url":"http://hl7.org/fhir/StructureDefinition/implementationguide-page","valueUri":"Library-FHIRCommon.html"}],"reference":{"reference":"Library/FHIRCommon"},"name":"FHIRCommon","exampleBoolean":false,"groupingId":"-ka-library"},{"extension":[{"url":"http://hl7.org/fhir/tools/StructureDefinition/resource-sort","valueInteger":999999999},{"url":"http://hl7.org/fhir/StructureDefinition/implementationguide-page","valueUri":"Library-FHIRHelpers.html"}],"reference":{"reference":"Library/FHIRHelpers"},"name":"FHIRHelpers","exampleBoolean":false,"groupingId":"-ka-library"},{"extension":[{"url":"http://hl7.org/fhir/tools/StructureDefinition/resource-sort","valueInteger":999999999},{"url":"http://hl7.org/fhir/StructureDefinition/implementationguide-page","valueUri":"Library-HIVIND18Logic.html"}],"reference":{"reference":"Library/HIVIND18Logic"},"name":"HIV.IND.18 Logic","description":"Number and % of people living with HIV who know their HIV status","exampleBoolean":false,"groupingId":"-ka-library"},{"extension":[{"url":"http://hl7.org/fhir/tools/StructureDefinition/resource-sort","valueInteger":999999999},{"url":"http://hl7.org/fhir/StructureDefinition/implementationguide-page","valueUri":"Library-HIVIND27Logic.html"}],"reference":{"reference":"Library/HIVIND27Logic"},"name":"HIV.IND.27 Logic","description":"Number and % of people on ART among all people living with HIV at the end of the reporting period","exampleBoolean":false,"groupingId":"-ka-library"},{"extension":[{"url":"http://hl7.org/fhir/tools/StructureDefinition/resource-sort","valueInteger":999999999},{"url":"http://hl7.org/fhir/StructureDefinition/implementationguide-page","valueUri":"Library-HIVIND28Logic.html"}],"reference":{"reference":"Library/HIVIND28Logic"},"name":"HIV.IND.28 Logic","description":"Number and % of people living with HIV on ART at the end of the last reporting period and those newly initiating ART during the current reporting period who were not on ART at the end of the current reporting period","exampleBoolean":false,"groupingId":"-ka-library"},{"extension":[{"url":"http://hl7.org/fhir/tools/StructureDefinition/resource-sort","valueInteger":999999999},{"url":"http://hl7.org/fhir/StructureDefinition/implementationguide-page","valueUri":"Library-HIVIND29Logic.html"}],"reference":{"reference":"Library/HIVIND29Logic"},"name":"HIV.IND.29 Logic","description":"% of people living with HIV on ART (for at least six months) who have virological suppression","exampleBoolean":false,"groupingId":"-ka-library"},{"extension":[{"url":"http://hl7.org/fhir/tools/StructureDefinition/resource-sort","valueInteger":999999999},{"url":"http://hl7.org/fhir/StructureDefinition/implementationguide-page","valueUri":"Library-HIVIND30Logic.html"}],"reference":{"reference":"Library/HIVIND30Logic"},"name":"HIV.IND.30 Logic","description":"Number of people living with HIV who initiated ART","exampleBoolean":false,"groupingId":"-ka-library"},{"extension":[{"url":"http://hl7.org/fhir/tools/StructureDefinition/resource-sort","valueInteger":999999999},{"url":"http://hl7.org/fhir/StructureDefinition/implementationguide-page","valueUri":"Library-HIVCommon.html"}],"reference":{"reference":"Library/HIVCommon"},"name":"HIVCommon","exampleBoolean":false,"groupingId":"-ka-library"},{"extension":[{"url":"http://hl7.org/fhir/tools/StructureDefinition/resource-sort","valueInteger":999999999},{"url":"http://hl7.org/fhir/StructureDefinition/implementationguide-page","valueUri":"Library-HIVConcepts.html"}],"reference":{"reference":"Library/HIVConcepts"},"name":"HIVConcepts","description":"Description not yet available for HIVConcepts.","exampleBoolean":false,"groupingId":"-ka-library"},{"extension":[{"url":"http://hl7.org/fhir/tools/StructureDefinition/resource-sort","valueInteger":999999999},{"url":"http://hl7.org/fhir/StructureDefinition/implementationguide-page","valueUri":"Library-HIVConceptsCustom.html"}],"reference":{"reference":"Library/HIVConceptsCustom"},"name":"HIVConceptsCustom","description":"Description not yet available for HIVConceptsCustom.","exampleBoolean":false,"groupingId":"-ka-library"},{"extension":[{"url":"http://hl7.org/fhir/tools/StructureDefinition/resource-sort","valueInteger":999999999},{"url":"http://hl7.org/fhir/StructureDefinition/implementationguide-page","valueUri":"Library-HIVConfig.html"}],"reference":{"reference":"Library/HIVConfig"},"name":"HIVConfig","description":"Description not yet available for HIVConfig.","exampleBoolean":false,"groupingId":"-ka-library"},{"extension":[{"url":"http://hl7.org/fhir/tools/StructureDefinition/resource-sort","valueInteger":999999999},{"url":"http://hl7.org/fhir/StructureDefinition/implementationguide-page","valueUri":"Library-HIVElements.html"}],"reference":{"reference":"Library/HIVElements"},"name":"HIVElements","description":"Description not yet available for HIVElements.","exampleBoolean":false,"groupingId":"-ka-library"},{"extension":[{"url":"http://hl7.org/fhir/tools/StructureDefinition/resource-sort","valueInteger":999999999},{"url":"http://hl7.org/fhir/StructureDefinition/implementationguide-page","valueUri":"Library-HIVIndicatorElements.html"}],"reference":{"reference":"Library/HIVIndicatorElements"},"name":"HIVIndicatorElements","description":"Description not yet available for HIVIndicatorElements.","exampleBoolean":false,"groupingId":"-ka-library"},{"extension":[{"url":"http://hl7.org/fhir/tools/StructureDefinition/resource-sort","valueInteger":999999999},{"url":"http://hl7.org/fhir/StructureDefinition/implementationguide-page","valueUri":"Library-WHOCommon.html"}],"reference":{"reference":"Library/WHOCommon"},"name":"WHOCommon","description":"Description not yet available for WHOCommon.","exampleBoolean":false,"groupingId":"-ka-library"},{"extension":[{"url":"http://hl7.org/fhir/tools/StructureDefinition/resource-sort","valueInteger":999999999},{"url":"http://hl7.org/fhir/StructureDefinition/implementationguide-page","valueUri":"Library-WHOConcepts.html"}],"reference":{"reference":"Library/WHOConcepts"},"name":"WHOConcepts","description":"Description not yet available for WHOConcepts.","exampleBoolean":false,"groupingId":"-ka-library"},{"extension":[{"url":"http://hl7.org/fhir/tools/StructureDefinition/resource-sort","valueInteger":999999999},{"url":"http://hl7.org/fhir/StructureDefinition/implementationguide-page","valueUri":"Library-WHOElements.html"}],"reference":{"reference":"Library/WHOElements"},"name":"WHOElements","description":"Description not yet available for WHOElements.","exampleBoolean":false,"groupingId":"-ka-library"},{"extension":[{"url":"http://hl7.org/fhir/tools/StructureDefinition/resource-sort","valueInteger":999999999},{"url":"http://hl7.org/fhir/StructureDefinition/implementationguide-page","valueUri":"Library-WHOEncounterElements.html"}],"reference":{"reference":"Library/WHOEncounterElements"},"name":"WHOEncounterElements","description":"Description not yet available for WHOEncounterElements.","exampleBoolean":false,"groupingId":"-ka-library"},{"extension":[{"url":"http://hl7.org/fhir/tools/StructureDefinition/resource-sort","valueInteger":999999999},{"url":"http://hl7.org/fhir/StructureDefinition/implementationguide-page","valueUri":"StructureDefinition-ConditionProfile.html"}],"reference":{"reference":"StructureDefinition/ConditionProfile"},"name":"ConditionProfile","description":"A clinical condition, problem, diagnosis, or other event, situation, issue, or clinical concept that has risen to a level of concern.","exampleBoolean":false,"groupingId":"-str-profile"},{"extension":[{"url":"http://hl7.org/fhir/tools/StructureDefinition/resource-sort","valueInteger":999999999},{"url":"http://hl7.org/fhir/StructureDefinition/implementationguide-page","valueUri":"StructureDefinition-DiagnosticReportProfile.html"}],"reference":{"reference":"StructureDefinition/DiagnosticReportProfile"},"name":"DiagnosticReportProfile","description":"DiagnosticReport","exampleBoolean":false,"groupingId":"-str-profile"},{"extension":[{"url":"http://hl7.org/fhir/tools/StructureDefinition/resource-sort","valueInteger":999999999},{"url":"http://hl7.org/fhir/StructureDefinition/implementationguide-page","valueUri":"StructureDefinition-EncounterProfile.html"}],"reference":{"reference":"StructureDefinition/EncounterProfile"},"name":"EncounterProfile","description":"An interaction between a patient and healthcare provider(s) for the purpose of providing healthcare service(s) or assessing the health status of a patient.","exampleBoolean":false,"groupingId":"-str-profile"},{"extension":[{"url":"http://hl7.org/fhir/tools/StructureDefinition/resource-sort","valueInteger":999999999},{"url":"http://hl7.org/fhir/StructureDefinition/implementationguide-page","valueUri":"StructureDefinition-MedicationProfile.html"}],"reference":{"reference":"StructureDefinition/MedicationProfile"},"name":"MedicationProfile","description":"This resource is primarily used for the identification and definition of a medication for the purposes of prescribing, dispensing, and administering a medication as well as for making statements about medication use.","exampleBoolean":false,"groupingId":"-str-profile"},{"extension":[{"url":"http://hl7.org/fhir/tools/StructureDefinition/resource-sort","valueInteger":999999999},{"url":"http://hl7.org/fhir/StructureDefinition/implementationguide-page","valueUri":"StructureDefinition-ObservationProfile.html"}],"reference":{"reference":"StructureDefinition/ObservationProfile"},"name":"ObservationProfile","description":"ObservationProfile","exampleBoolean":false,"groupingId":"-str-profile"},{"extension":[{"url":"http://hl7.org/fhir/tools/StructureDefinition/resource-sort","valueInteger":999999999},{"url":"http://hl7.org/fhir/StructureDefinition/implementationguide-page","valueUri":"StructureDefinition-PatientProfile.html"}],"reference":{"reference":"StructureDefinition/PatientProfile"},"name":"PatientProfile","description":"An example profile of the Patient resource.","exampleBoolean":false,"groupingId":"-str-profile"},{"extension":[{"url":"http://hl7.org/fhir/tools/StructureDefinition/resource-sort","valueInteger":999999999},{"url":"http://hl7.org/fhir/StructureDefinition/implementationguide-page","valueUri":"ValueSet-adverse-event-type.html"}],"reference":{"reference":"ValueSet/adverse-event-type"},"name":"AdverseEvent Type","description":"This value set includes codes that describe the adverse event or incident that occurred or was averted.","exampleBoolean":false,"groupingId":"-term-valueset"},{"extension":[{"url":"http://hl7.org/fhir/tools/StructureDefinition/resource-sort","valueInteger":999999999},{"url":"http://hl7.org/fhir/StructureDefinition/implementationguide-page","valueUri":"ValueSet-EnrollmentMethodsforHIVProgram.html"}],"reference":{"reference":"ValueSet/EnrollmentMethodsforHIVProgram"},"name":"EnrollmentMethodsforHIVProgram","exampleBoolean":false,"groupingId":"-term-valueset"},{"extension":[{"url":"http://hl7.org/fhir/tools/StructureDefinition/resource-sort","valueInteger":999999999},{"url":"http://hl7.org/fhir/StructureDefinition/implementationguide-page","valueUri":"ValueSet-entry.point.html"}],"reference":{"reference":"ValueSet/entry.point"},"name":"Entry Point","description":"0.1.0","exampleBoolean":false,"groupingId":"-term-valueset"},{"extension":[{"url":"http://hl7.org/fhir/tools/StructureDefinition/resource-sort","valueInteger":999999999},{"url":"http://hl7.org/fhir/StructureDefinition/implementationguide-page","valueUri":"ValueSet-HIV.D.DE5.html"}],"reference":{"reference":"ValueSet/HIV.D.DE5"},"name":"Entry point for community-level testing","description":"0.1.1","exampleBoolean":false,"groupingId":"-term-valueset"},{"extension":[{"url":"http://hl7.org/fhir/tools/StructureDefinition/resource-sort","valueInteger":999999999},{"url":"http://hl7.org/fhir/StructureDefinition/implementationguide-page","valueUri":"ValueSet-HIV.D.DE6.html"}],"reference":{"reference":"ValueSet/HIV.D.DE6"},"name":"Entry point for facility-level testing","description":"0.1.0","exampleBoolean":false,"groupingId":"-term-valueset"},{"extension":[{"url":"http://hl7.org/fhir/tools/StructureDefinition/resource-sort","valueInteger":999999999},{"url":"http://hl7.org/fhir/StructureDefinition/implementationguide-page","valueUri":"ValueSet-HTS.setting.html"}],"reference":{"reference":"ValueSet/HTS.setting"},"name":"HIV Testing Services Setting","description":"0.1.1","exampleBoolean":false,"groupingId":"-term-valueset"},{"extension":[{"url":"http://hl7.org/fhir/tools/StructureDefinition/resource-sort","valueInteger":999999999},{"url":"http://hl7.org/fhir/StructureDefinition/implementationguide-page","valueUri":"ValueSet-OnARV.html"}],"reference":{"reference":"ValueSet/OnARV"},"name":"History of antiretroviral therapy (situation)","description":"0.1.1","exampleBoolean":false,"groupingId":"-term-valueset"},{"extension":[{"url":"http://hl7.org/fhir/tools/StructureDefinition/resource-sort","valueInteger":999999999},{"url":"http://hl7.org/fhir/StructureDefinition/implementationguide-page","valueUri":"ValueSet-HIV.B.DE3.html"}],"reference":{"reference":"ValueSet/HIV.B.DE3"},"name":"New Enrollment","description":"0.1.0","exampleBoolean":false,"groupingId":"-term-valueset"},{"extension":[{"url":"http://hl7.org/fhir/tools/StructureDefinition/resource-sort","valueInteger":999999999},{"url":"http://hl7.org/fhir/StructureDefinition/implementationguide-page","valueUri":"ValueSet-pregnancy-status-value-set.html"}],"reference":{"reference":"ValueSet/pregnancy-status-value-set"},"name":"Pregnancy Status Value Set","description":"The set of codes that describe one's state of pregnancy.","exampleBoolean":false,"groupingId":"-term-valueset"},{"extension":[{"url":"http://hl7.org/fhir/tools/StructureDefinition/resource-sort","valueInteger":999999999},{"url":"http://hl7.org/fhir/StructureDefinition/implementationguide-page","valueUri":"ValueSet-HIV.D.DE7.html"}],"reference":{"reference":"ValueSet/HIV.D.DE7"},"name":"Test result","description":"0.1.0","exampleBoolean":false,"groupingId":"-term-valueset"},{"extension":[{"url":"http://hl7.org/fhir/tools/StructureDefinition/resource-sort","valueInteger":999999999},{"url":"http://hl7.org/fhir/StructureDefinition/implementationguide-page","valueUri":"ValueSet-HIV.D.DE8.html"}],"reference":{"reference":"ValueSet/HIV.D.DE8"},"name":"Test results received","description":"0.1.0","exampleBoolean":false,"groupingId":"-term-valueset"},{"extension":[{"url":"http://hl7.org/fhir/tools/StructureDefinition/resource-sort","valueInteger":999999999},{"url":"http://hl7.org/fhir/StructureDefinition/implementationguide-page","valueUri":"ValueSet-transfer.in.html"}],"reference":{"reference":"ValueSet/transfer.in"},"name":"Transfer in","description":"0.1.1","exampleBoolean":false,"groupingId":"-term-valueset"},{"extension":[{"url":"http://hl7.org/fhir/tools/StructureDefinition/resource-sort","valueInteger":999999999},{"url":"http://hl7.org/fhir/StructureDefinition/implementationguide-page","valueUri":"CodeSystem-CIEL.html"}],"reference":{"reference":"CodeSystem/CIEL"},"name":"CIEL","description":"0.1.1","exampleBoolean":false,"groupingId":"-term-codesystem"},{"extension":[{"url":"http://hl7.org/fhir/tools/StructureDefinition/resource-sort","valueInteger":999999999},{"url":"http://hl7.org/fhir/StructureDefinition/implementationguide-page","valueUri":"CodeSystem-tx-curr.html"}],"reference":{"reference":"CodeSystem/tx-curr"},"name":"HIV Indicators","description":"0.1.1","exampleBoolean":false,"groupingId":"-term-codesystem"},{"extension":[{"url":"http://hl7.org/fhir/tools/StructureDefinition/resource-sort","valueInteger":999999999},{"url":"http://hl7.org/fhir/StructureDefinition/implementationguide-page","valueUri":"StructureMap-HIVObservationHIVCondition.html"}],"reference":{"reference":"StructureMap/HIVObservationHIVCondition"},"name":"HIVObservationHIVCondition","description":"Kenya SMART Guidelines for HIV","exampleBoolean":true,"groupingId":"-ex-example"},{"extension":[{"url":"http://hl7.org/fhir/tools/StructureDefinition/resource-sort","valueInteger":999999999},{"url":"http://hl7.org/fhir/StructureDefinition/implementationguide-page","valueUri":"Patient-PatientProfileExample.html"}],"reference":{"reference":"Patient/PatientProfileExample"},"name":"PatientProfileExample","description":"An example of a patient with a license to krill.","exampleCanonical":"https://IntelliSOFT-Consulting.github.io/HIV-FHIR-IG/StructureDefinition/PatientProfile","groupingId":"-ex-example"},{"extension":[{"url":"http://hl7.org/fhir/tools/StructureDefinition/resource-sort","valueInteger":999999999},{"url":"http://hl7.org/fhir/StructureDefinition/implementationguide-page","valueUri":"Device-cqf-tooling.html"}],"reference":{"reference":"Device/cqf-tooling"},"name":"cqf-tooling","exampleBoolean":false,"groupingId":"-other"}],"page":{"extension":[{"url":"http://hl7.org/fhir/tools/StructureDefinition/ig-page-name","valueUrl":"toc.html"}],"nameUrl":"toc.html","title":"Table of Contents","generation":"html","page":[{"extension":[{"url":"http://hl7.org/fhir/tools/StructureDefinition/ig-page-name","valueUrl":"index.html"}],"nameUrl":"index.html","title":"Home","generation":"markdown"},{"extension":[{"url":"http://hl7.org/fhir/tools/StructureDefinition/ig-page-name","valueUrl":"business-requirements.html"}],"nameUrl":"business-requirements.html","title":"Business Requirements","generation":"markdown","page":[{"extension":[{"url":"http://hl7.org/fhir/tools/StructureDefinition/ig-page-name","valueUrl":"concepts.html"}],"nameUrl":"concepts.html","title":"Concepts","generation":"markdown"},{"extension":[{"url":"http://hl7.org/fhir/tools/StructureDefinition/ig-page-name","valueUrl":"generic-personas.html"}],"nameUrl":"generic-personas.html","title":"Generic Personas","generation":"markdown"},{"extension":[{"url":"http://hl7.org/fhir/tools/StructureDefinition/ig-page-name","valueUrl":"user-scenarios.html"}],"nameUrl":"user-scenarios.html","title":"User Scenarios","generation":"markdown"},{"extension":[{"url":"http://hl7.org/fhir/tools/StructureDefinition/ig-page-name","valueUrl":"business-processes.html"}],"nameUrl":"business-processes.html","title":"Business Processes and Workflows","generation":"markdown"},{"extension":[{"url":"http://hl7.org/fhir/tools/StructureDefinition/ig-page-name","valueUrl":"core-data-elements.html"}],"nameUrl":"core-data-elements.html","title":"Core Data Elements","generation":"markdown"},{"extension":[{"url":"http://hl7.org/fhir/tools/StructureDefinition/ig-page-name","valueUrl":"decision-support-logic.html"}],"nameUrl":"decision-support-logic.html","title":"Decision Support Logic","generation":"markdown"},{"extension":[{"url":"http://hl7.org/fhir/tools/StructureDefinition/ig-page-name","valueUrl":"indicators-and-monitoring.html"}],"nameUrl":"indicators-and-monitoring.html","title":"Indicators and Monitoring","generation":"markdown"},{"extension":[{"url":"http://hl7.org/fhir/tools/StructureDefinition/ig-page-name","valueUrl":"functional-requirements.html"}],"nameUrl":"functional-requirements.html","title":"Functional Requirements","generation":"markdown"},{"extension":[{"url":"http://hl7.org/fhir/tools/StructureDefinition/ig-page-name","valueUrl":"non-functional-requirements.html"}],"nameUrl":"non-functional-requirements.html","title":"Non-functional Requirements","generation":"markdown"}]},{"extension":[{"url":"http://hl7.org/fhir/tools/StructureDefinition/ig-page-name","valueUrl":"deployment.html"}],"nameUrl":"deployment.html","title":"Deployment","generation":"markdown"},{"extension":[{"url":"http://hl7.org/fhir/tools/StructureDefinition/ig-page-name","valueUrl":"artifacts.html"}],"nameUrl":"artifacts.html","title":"Artifacts Summary","generation":"html","page":[{"extension":[{"url":"http://hl7.org/fhir/tools/StructureDefinition/ig-page-name","valueUrl":"Measure-HIVIND18.html"}],"nameUrl":"Measure-HIVIND18.html","title":"HIV.IND.18 People living with HIV who know their HIV status (first 95)","generation":"generated","page":[{"extension":[{"url":"http://hl7.org/fhir/tools/StructureDefinition/ig-page-name","valueUrl":"Library-HIVIND18_effective-data-requirements.html"}],"nameUrl":"Library-HIVIND18_effective-data-requirements.html","title":"Library","generation":"generated"}]},{"extension":[{"url":"http://hl7.org/fhir/tools/StructureDefinition/ig-page-name","valueUrl":"Measure-HIVIND27.html"}],"nameUrl":"Measure-HIVIND27.html","title":"HIV.IND.27 People living with HIV on ART","generation":"generated","page":[{"extension":[{"url":"http://hl7.org/fhir/tools/StructureDefinition/ig-page-name","valueUrl":"Library-HIVIND27_effective-data-requirements.html"}],"nameUrl":"Library-HIVIND27_effective-data-requirements.html","title":"Library","generation":"generated"}]},{"extension":[{"url":"http://hl7.org/fhir/tools/StructureDefinition/ig-page-name","valueUrl":"Measure-HIVIND28.html"}],"nameUrl":"Measure-HIVIND28.html","title":"HIV.IND.28 Total attrition from ART","generation":"generated","page":[{"extension":[{"url":"http://hl7.org/fhir/tools/StructureDefinition/ig-page-name","valueUrl":"Library-HIVIND28_effective-data-requirements.html"}],"nameUrl":"Library-HIVIND28_effective-data-requirements.html","title":"Library","generation":"generated"}]},{"extension":[{"url":"http://hl7.org/fhir/tools/StructureDefinition/ig-page-name","valueUrl":"Measure-HIVIND29.html"}],"nameUrl":"Measure-HIVIND29.html","title":"HIV.IND.29 People living with HIV on ART who have suppressed viral load","generation":"generated","page":[{"extension":[{"url":"http://hl7.org/fhir/tools/StructureDefinition/ig-page-name","valueUrl":"Library-HIVIND29_effective-data-requirements.html"}],"nameUrl":"Library-HIVIND29_effective-data-requirements.html","title":"Library","generation":"generated"}]},{"extension":[{"url":"http://hl7.org/fhir/tools/StructureDefinition/ig-page-name","valueUrl":"Measure-HIVIND30.html"}],"nameUrl":"Measure-HIVIND30.html","title":"HIV.IND.30 New ART patients","generation":"generated","page":[{"extension":[{"url":"http://hl7.org/fhir/tools/StructureDefinition/ig-page-name","valueUrl":"Library-HIVIND30_effective-data-requirements.html"}],"nameUrl":"Library-HIVIND30_effective-data-requirements.html","title":"Library","generation":"generated"}]},{"extension":[{"url":"http://hl7.org/fhir/tools/StructureDefinition/ig-page-name","valueUrl":"Library-FHIRCommon.html"}],"nameUrl":"Library-FHIRCommon.html","title":"FHIRCommon","generation":"generated"},{"extension":[{"url":"http://hl7.org/fhir/tools/StructureDefinition/ig-page-name","valueUrl":"Library-FHIRHelpers.html"}],"nameUrl":"Library-FHIRHelpers.html","title":"FHIRHelpers","generation":"generated"},{"extension":[{"url":"http://hl7.org/fhir/tools/StructureDefinition/ig-page-name","valueUrl":"Library-HIVIND18Logic.html"}],"nameUrl":"Library-HIVIND18Logic.html","title":"HIV.IND.18 Logic","generation":"generated"},{"extension":[{"url":"http://hl7.org/fhir/tools/StructureDefinition/ig-page-name","valueUrl":"Library-HIVIND27Logic.html"}],"nameUrl":"Library-HIVIND27Logic.html","title":"HIV.IND.27 Logic","generation":"generated"},{"extension":[{"url":"http://hl7.org/fhir/tools/StructureDefinition/ig-page-name","valueUrl":"Library-HIVIND28Logic.html"}],"nameUrl":"Library-HIVIND28Logic.html","title":"HIV.IND.28 Logic","generation":"generated"},{"extension":[{"url":"http://hl7.org/fhir/tools/StructureDefinition/ig-page-name","valueUrl":"Library-HIVIND29Logic.html"}],"nameUrl":"Library-HIVIND29Logic.html","title":"HIV.IND.29 Logic","generation":"generated"},{"extension":[{"url":"http://hl7.org/fhir/tools/StructureDefinition/ig-page-name","valueUrl":"Library-HIVIND30Logic.html"}],"nameUrl":"Library-HIVIND30Logic.html","title":"HIV.IND.30 Logic","generation":"generated"},{"extension":[{"url":"http://hl7.org/fhir/tools/StructureDefinition/ig-page-name","valueUrl":"Library-HIVCommon.html"}],"nameUrl":"Library-HIVCommon.html","title":"HIVCommon","generation":"generated"},{"extension":[{"url":"http://hl7.org/fhir/tools/StructureDefinition/ig-page-name","valueUrl":"Library-HIVConcepts.html"}],"nameUrl":"Library-HIVConcepts.html","title":"HIVConcepts","generation":"generated"},{"extension":[{"url":"http://hl7.org/fhir/tools/StructureDefinition/ig-page-name","valueUrl":"Library-HIVConceptsCustom.html"}],"nameUrl":"Library-HIVConceptsCustom.html","title":"HIVConceptsCustom","generation":"generated"},{"extension":[{"url":"http://hl7.org/fhir/tools/StructureDefinition/ig-page-name","valueUrl":"Library-HIVConfig.html"}],"nameUrl":"Library-HIVConfig.html","title":"HIVConfig","generation":"generated"},{"extension":[{"url":"http://hl7.org/fhir/tools/StructureDefinition/ig-page-name","valueUrl":"Library-HIVElements.html"}],"nameUrl":"Library-HIVElements.html","title":"HIVElements","generation":"generated"},{"extension":[{"url":"http://hl7.org/fhir/tools/StructureDefinition/ig-page-name","valueUrl":"Library-HIVIndicatorElements.html"}],"nameUrl":"Library-HIVIndicatorElements.html","title":"HIVIndicatorElements","generation":"generated"},{"extension":[{"url":"http://hl7.org/fhir/tools/StructureDefinition/ig-page-name","valueUrl":"Library-WHOCommon.html"}],"nameUrl":"Library-WHOCommon.html","title":"WHOCommon","generation":"generated"},{"extension":[{"url":"http://hl7.org/fhir/tools/StructureDefinition/ig-page-name","valueUrl":"Library-WHOConcepts.html"}],"nameUrl":"Library-WHOConcepts.html","title":"WHOConcepts","generation":"generated"},{"extension":[{"url":"http://hl7.org/fhir/tools/StructureDefinition/ig-page-name","valueUrl":"Library-WHOElements.html"}],"nameUrl":"Library-WHOElements.html","title":"WHOElements","generation":"generated"},{"extension":[{"url":"http://hl7.org/fhir/tools/StructureDefinition/ig-page-name","valueUrl":"Library-WHOEncounterElements.html"}],"nameUrl":"Library-WHOEncounterElements.html","title":"WHOEncounterElements","generation":"generated"},{"extension":[{"url":"http://hl7.org/fhir/tools/StructureDefinition/ig-page-name","valueUrl":"StructureDefinition-ConditionProfile.html"}],"nameUrl":"StructureDefinition-ConditionProfile.html","title":"ConditionProfile","generation":"generated"},{"extension":[{"url":"http://hl7.org/fhir/tools/StructureDefinition/ig-page-name","valueUrl":"StructureDefinition-DiagnosticReportProfile.html"}],"nameUrl":"StructureDefinition-DiagnosticReportProfile.html","title":"DiagnosticReportProfile","generation":"generated"},{"extension":[{"url":"http://hl7.org/fhir/tools/StructureDefinition/ig-page-name","valueUrl":"StructureDefinition-EncounterProfile.html"}],"nameUrl":"StructureDefinition-EncounterProfile.html","title":"EncounterProfile","generation":"generated"},{"extension":[{"url":"http://hl7.org/fhir/tools/StructureDefinition/ig-page-name","valueUrl":"StructureDefinition-MedicationProfile.html"}],"nameUrl":"StructureDefinition-MedicationProfile.html","title":"MedicationProfile","generation":"generated"},{"extension":[{"url":"http://hl7.org/fhir/tools/StructureDefinition/ig-page-name","valueUrl":"StructureDefinition-ObservationProfile.html"}],"nameUrl":"StructureDefinition-ObservationProfile.html","title":"ObservationProfile","generation":"generated"},{"extension":[{"url":"http://hl7.org/fhir/tools/StructureDefinition/ig-page-name","valueUrl":"StructureDefinition-PatientProfile.html"}],"nameUrl":"StructureDefinition-PatientProfile.html","title":"PatientProfile","generation":"generated"},{"extension":[{"url":"http://hl7.org/fhir/tools/StructureDefinition/ig-page-name","valueUrl":"ValueSet-adverse-event-type.html"}],"nameUrl":"ValueSet-adverse-event-type.html","title":"AdverseEvent Type","generation":"generated"},{"extension":[{"url":"http://hl7.org/fhir/tools/StructureDefinition/ig-page-name","valueUrl":"ValueSet-EnrollmentMethodsforHIVProgram.html"}],"nameUrl":"ValueSet-EnrollmentMethodsforHIVProgram.html","title":"EnrollmentMethodsforHIVProgram","generation":"generated"},{"extension":[{"url":"http://hl7.org/fhir/tools/StructureDefinition/ig-page-name","valueUrl":"ValueSet-entry.point.html"}],"nameUrl":"ValueSet-entry.point.html","title":"Entry Point","generation":"generated"},{"extension":[{"url":"http://hl7.org/fhir/tools/StructureDefinition/ig-page-name","valueUrl":"ValueSet-HIV.D.DE5.html"}],"nameUrl":"ValueSet-HIV.D.DE5.html","title":"Entry point for community-level testing","generation":"generated"},{"extension":[{"url":"http://hl7.org/fhir/tools/StructureDefinition/ig-page-name","valueUrl":"ValueSet-HIV.D.DE6.html"}],"nameUrl":"ValueSet-HIV.D.DE6.html","title":"Entry point for facility-level testing","generation":"generated"},{"extension":[{"url":"http://hl7.org/fhir/tools/StructureDefinition/ig-page-name","valueUrl":"ValueSet-OnARV.html"}],"nameUrl":"ValueSet-OnARV.html","title":"History of antiretroviral therapy (situation)","generation":"generated"},{"extension":[{"url":"http://hl7.org/fhir/tools/StructureDefinition/ig-page-name","valueUrl":"ValueSet-HTS.setting.html"}],"nameUrl":"ValueSet-HTS.setting.html","title":"HIV Testing Services Setting","generation":"generated"},{"extension":[{"url":"http://hl7.org/fhir/tools/StructureDefinition/ig-page-name","valueUrl":"ValueSet-HIV.B.DE3.html"}],"nameUrl":"ValueSet-HIV.B.DE3.html","title":"New Enrollment","generation":"generated"},{"extension":[{"url":"http://hl7.org/fhir/tools/StructureDefinition/ig-page-name","valueUrl":"ValueSet-pregnancy-status-value-set.html"}],"nameUrl":"ValueSet-pregnancy-status-value-set.html","title":"Pregnancy Status Value Set","generation":"generated"},{"extension":[{"url":"http://hl7.org/fhir/tools/StructureDefinition/ig-page-name","valueUrl":"ValueSet-HIV.D.DE7.html"}],"nameUrl":"ValueSet-HIV.D.DE7.html","title":"Test result","generation":"generated"},{"extension":[{"url":"http://hl7.org/fhir/tools/StructureDefinition/ig-page-name","valueUrl":"ValueSet-HIV.D.DE8.html"}],"nameUrl":"ValueSet-HIV.D.DE8.html","title":"Test results received","generation":"generated"},{"extension":[{"url":"http://hl7.org/fhir/tools/StructureDefinition/ig-page-name","valueUrl":"ValueSet-transfer.in.html"}],"nameUrl":"ValueSet-transfer.in.html","title":"Transfer in","generation":"generated"},{"extension":[{"url":"http://hl7.org/fhir/tools/StructureDefinition/ig-page-name","valueUrl":"CodeSystem-CIEL.html"}],"nameUrl":"CodeSystem-CIEL.html","title":"CIEL","generation":"generated"},{"extension":[{"url":"http://hl7.org/fhir/tools/StructureDefinition/ig-page-name","valueUrl":"CodeSystem-tx-curr.html"}],"nameUrl":"CodeSystem-tx-curr.html","title":"HIV Indicators","generation":"generated"},{"extension":[{"url":"http://hl7.org/fhir/tools/StructureDefinition/ig-page-name","valueUrl":"StructureMap-HIVObservationHIVCondition.html"}],"nameUrl":"StructureMap-HIVObservationHIVCondition.html","title":"HIVObservationHIVCondition","generation":"generated"},{"extension":[{"url":"http://hl7.org/fhir/tools/StructureDefinition/ig-page-name","valueUrl":"Patient-PatientProfileExample.html"}],"nameUrl":"Patient-PatientProfileExample.html","title":"PatientProfileExample","generation":"generated"},{"extension":[{"url":"http://hl7.org/fhir/tools/StructureDefinition/ig-page-name","valueUrl":"Device-cqf-tooling.html"}],"nameUrl":"Device-cqf-tooling.html","title":"cqf-tooling","generation":"generated"}]}]},"parameter":[{"code":"path-resource","value":"input/maps"},{"code":"path-resource","value":"input/resources/device"},{"code":"path-resource","value":"input/resources/library"},{"code":"path-resource","value":"input/resources/measure"},{"code":"path-resource","value":"input/vocabulary/valueset"},{"code":"path-resource","value":"input/vocabulary/external/codesystem"},{"code":"path-resource","value":"input/capabilities"},{"code":"path-resource","value":"input/examples"},{"code":"path-resource","value":"input/extensions"},{"code":"path-resource","value":"input/models"},{"code":"path-resource","value":"input/operations"},{"code":"path-resource","value":"input/profiles"},{"code":"path-resource","value":"input/resources"},{"code":"path-resource","value":"input/vocabulary"},{"code":"path-resource","value":"input/testing"},{"code":"path-resource","value":"input/history"},{"code":"path-resource","value":"fsh-generated/resources"},{"code":"path-pages","value":"template/config"},{"code":"path-pages","value":"input/images"},{"code":"path-tx-cache","value":"input-cache/txcache"}]}}