{"resourceType":"ValueSet","id":"HIV.D.DE7","meta":{"lastUpdated":"2024-07-02T08:40:25.540106Z"},"text":{"status":"generated","div":"<div xmlns=\"http://www.w3.org/1999/xhtml\"><p class=\"res-header-id\"><b>Generated Narrative: ValueSet HIV.D.DE7</b></p><a name=\"HIV.D.DE7\"> </a><a name=\"hcHIV.D.DE7\"> </a><a name=\"HIV.D.DE7-en-US\"> </a><div style=\"display: inline-block; background-color: #d9e0e7; padding: 6px; margin: 4px; border: 1px solid #8da1b4; border-radius: 5px; line-height: 60%\"><p style=\"margin-bottom: 0px\">Last updated: 2024-07-02 08:40:25+0000</p></div><ul><li>Include these codes as defined in <code>https://fhir.staging.openconceptlab.org/orgs/Kenya_SMART_Guidelines/ValueSet/HIV.D.DE7/</code><table class=\"none\"><tr><td style=\"white-space:nowrap\"><b>Code</b></td><td><b>Display</b></td></tr><tr><td>9860243</td><td/></tr><tr><td>9860241</td><td/></tr></table></li></ul></div>"},"url":"https://IntelliSOFT-Consulting.github.io/HIV-FHIR-IG/ValueSet/HIV.D.DE7","identifier":[{"type":{"coding":[{"system":"http://hl7.org/fhir/v2/0203","code":"ACSN","display":"Accession ID"}],"text":"Accession ID"},"system":"https://api.staging.openconceptlab.org","value":"/orgs/Kenya_SMART_Guidelines/ValueSet/HIV.D.DE7/"}],"version":"0.1.0","name":"Test result","title":"Test result","status":"active","date":"2025-01-15T14:05:09+00:00","publisher":"intellisoftkenya","contact":[{"name":"intellisoftkenya","telecom":[{"system":"url","value":"https://www.intellisoftkenya.com/"}]}],"description":"0.1.0","compose":{"include":[{"system":"https://fhir.staging.openconceptlab.org/orgs/Kenya_SMART_Guidelines/ValueSet/HIV.D.DE7/","concept":[{"code":"9860243"},{"code":"9860241"}]}]}}