{"resourceType":"ValueSet","id":"HTS.setting","meta":{"lastUpdated":"2024-07-02T09:15:25.951956Z"},"text":{"status":"generated","div":"<div xmlns=\"http://www.w3.org/1999/xhtml\"><p class=\"res-header-id\"><b>Generated Narrative: ValueSet HTS.setting</b></p><a name=\"HTS.setting\"> </a><a name=\"hcHTS.setting\"> </a><a name=\"HTS.setting-en-US\"> </a><div style=\"display: inline-block; background-color: #d9e0e7; padding: 6px; margin: 4px; border: 1px solid #8da1b4; border-radius: 5px; line-height: 60%\"><p style=\"margin-bottom: 0px\">Last updated: 2024-07-02 09:15:25+0000</p></div><ul><li>Include these codes as defined in <code>https://app.staging.openconceptlab.org/hts.setting</code><table class=\"none\"><tr><td style=\"white-space:nowrap\"><b>Code</b></td><td><b>Display</b></td></tr><tr><td>163488</td><td/></tr><tr><td>1537</td><td/></tr></table></li></ul></div>"},"url":"https://IntelliSOFT-Consulting.github.io/HIV-FHIR-IG/ValueSet/HTS.setting","identifier":[{"type":{"coding":[{"system":"http://hl7.org/fhir/v2/0203","code":"ACSN","display":"Accession ID"}],"text":"Accession ID"},"system":"https://api.staging.openconceptlab.org","value":"/orgs/Kenya_SMART_Guidelines/ValueSet/HTS_setting/"}],"version":"0.1.0","name":"HTS Setting","title":"HIV Testing Services Setting","status":"active","date":"2025-01-15T14:05:09+00:00","publisher":"intellisoftkenya","contact":[{"name":"intellisoftkenya","telecom":[{"system":"url","value":"https://www.intellisoftkenya.com/"}]}],"description":"0.1.1","compose":{"include":[{"system":"https://app.staging.openconceptlab.org/hts.setting","concept":[{"code":"163488"},{"code":"1537"}]}]}}