{
  "resourceType" : "Patient",
  "id" : "PatientProfileExample",
  "meta" : {
    "profile" : ["https://IntelliSOFT-Consulting.github.io/HIV-FHIR-IG/StructureDefinition/PatientProfile"]
  },
  "text" : {
    "status" : "generated",
    "div" : "<div xmlns=\"http://www.w3.org/1999/xhtml\"><p class=\"res-header-id\"><b>Generated Narrative: Patient PatientProfileExample</b></p><a name=\"PatientProfileExample\"> </a><a name=\"hcPatientProfileExample\"> </a><a name=\"PatientProfileExample-en-US\"> </a><p style=\"border: 1px #661aff solid; background-color: #e6e6ff; padding: 10px;\">James Pond  (no stated gender), DoB Unknown</p><hr/></div>"
  },
  "name" : [{
    "family" : "Pond",
    "given" : ["James"]
  }]
}